0,1,2,3,4,5,6,7,8,9,10,11,12,13,14,15,16,17,18
,,,2025-01-30 03:25:22.808458,COIN,288.41,,1,MARKET,SHORT,,,,,,,,,
,,,2025-01-30 03:25:47.582406,COIN,289.89,,1,MARKET,SHORT,,,,,,,,,
,,,2025-01-30 03:26:10.631169,COIN,288.41,,1,MARKET,SHORT,,,,,,,,,
,,,2025-01-30 03:26:41.680347,COIN,289.52,,1,MARKET,SHORT,,,,,,,,,
,,,2025-01-30 03:34:31.336213,COIN,290.20,,1,MARKET,SHORT,,,,,,,,,
,,,2025-01-30 03:34:53.117002,COIN,290.16,,1,MARKET,SHORT,,,,,,,,,
,,,2025-01-30 03:35:09.391547,COIN,290.16,,1,MARKET,SHORT,,,,,,,,,
,,,2025-01-30 03:35:35.681174,COIN,290.05,,1,MARKET,SHORT,,,,,,,,,
,,,2025-01-30 03:37:22.354375,COIN,289.40,,1,MARKET,SHORT,,,,,,,,,
,,,2025-01-30 03:37:22.853349,COIN,290.06,,1,MARKET,SHORT,,,,,,,,,
,,,2025-01-30 03:37:46.719442,COIN,289.53,,1,MARKET,SHORT,,,,,,,,,
,,,2025-01-30 03:37:56.732787,COIN,291.09,,1,MARKET,SHORT,,,,,,,,,
,,,2025-01-30 03:39:49.890990,COIN,290.94,,1,MARKET,SHORT,,,,,,,,,
,,,2025-01-30 03:43:19.822168,COIN,289.20,,1,MARKET,SHORT,,,,,,,,,
,,,2025-01-30 03:44:26.166693,COIN,289.40,,1,MARKET,SHORT,,,,,,,,,
,,,2025-01-30 03:45:17.239663,COIN,289.20,,1,MARKET,SHORT,,,,,,,,,
,,,2025-01-30 03:45:51.290927,COIN,290.19,,1,MARKET,SHORT,,,,,,,,,
,,,2025-01-30 03:46:00.805901,COIN,289.21,,1,MARKET,SHORT,,,,,,,,,
,,,2025-01-30 03:46:14.075851,COIN,289.20,,1,MARKET,SHORT,,,,,,,,,
,,,2025-01-30 03:46:47.124964,COIN,289.87,,1,MARKET,SHORT,,,,,,,,,
,,,2025-01-30 03:47:49.217871,COIN,290.00,,1,MARKET,SHORT,,,,,,,,,
,,,2025-01-30 21:48:27.984533,TSLA,396.28,,1,MARKET,LONG,,,,,,,,,
,,,2025-01-30 21:50:29.377304,TSLA,396.60,,1,MARKET,LONG,,,,,,,,,
,,,2025-01-30 21:53:27.407721,TSLA,393.81,,1,MARKET,LONG,,,,,,,,,
,,,2025-01-30 21:54:09.749656,TSLA,393.32,,1,MARKET,LONG,,,,,,,,,
,,,2025-01-30 21:55:37.635253,TSLA,392.00,,1,MARKET,LONG,,,,,,,,,
,,,2025-01-30 21:56:42.074390,TSLA,392.64,,1,MARKET,LONG,,,,,,,,,
,,,2025-01-30 21:57:45.013939,TSLA,392.50,,1,MARKET,LONG,,,,,,,,,
,,,2025-01-30 21:59:29.186390,TSLA,391.11,,1,MARKET,LONG,,,,,,,,,
,,,2025-01-30 22:02:44.142950,TSLA,389.71,,1,MARKET,LONG,,,,,,,,,
,,,2025-01-30 22:08:08.152737,TSLA,394.11,,1,MARKET,LONG,,,,,,,,,
,,,2025-01-30 22:09:29.565655,TSLA,393.26,,1,MARKET,LONG,,,,,,,,,
,,,2025-01-30 22:11:48.852982,TSLA,393.30,,1,MARKET,LONG,,,,,,,,,
,,,2025-01-30 22:12:51.480429,TSLA,393.35,,1,MARKET,LONG,,,,,,,,,
,,,2025-01-30 22:15:10.990608,TSLA,393.35,,1,MARKET,LONG,,,,,,,,,
,,,2025-01-30 22:15:44.317278,TSLA,393.08,,1,MARKET,LONG,,,,,,,,,
,,,2025-01-30 22:17:14.148252,TSLA,392.95,,1,MARKET,LONG,,,,,,,,,
,,,2025-01-30 22:23:06.749378,TSLA,395.16,,1,MARKET,LONG,,,,,,,,,
,,,2025-01-30 22:27:40.196783,TSLA,396.00,,1,MARKET,LONG,,,,,,,,,
,,,2025-01-30 22:28:31.801556,TSLA,396.27,,1,MARKET,LONG,,,,,,,,,
,,,2025-01-30 22:31:15.594599,TSLA,397.38,,1,MARKET,LONG,,,,,,,,,
,,,2025-01-30 22:31:58.009736,TSLA,397.49,,1,MARKET,LONG,,,,,,,,,
,,,2025-01-30 22:34:22.396209,TSLA,398.85,,1,MARKET,LONG,,,,,,,,,
,,,2025-01-30 22:36:04.526741,TSLA,398.33,,1,MARKET,LONG,,,,,,,,,
,,,2025-01-30 22:38:36.052223,TSLA,398.07,,1,MARKET,LONG,,,,,,,,,
,,,2025-01-30 22:41:10.390130,TSLA,398.60,,1,MARKET,LONG,,,,,,,,,
,,,2025-01-30 22:42:41.566325,TSLA,398.94,,1,MARKET,LONG,,,,,,,,,
,,,2025-01-30 22:44:49.545160,TSLA,399.00,,1,MARKET,LONG,,,,,,,,,
,,,2025-01-30 22:46:04.185448,TSLA,398.49,,1,MARKET,LONG,,,,,,,,,
,,,2025-01-30 22:50:28.938052,TSLA,398.86,,1,MARKET,LONG,,,,,,,,,
,,,2025-01-30 22:52:26.974590,TSLA,398.53,,1,MARKET,LONG,,,,,,,,,
,,,2025-01-30 22:53:59.904884,TSLA,398.62,,1,MARKET,LONG,,,,,,,,,
,,,2025-01-30 22:55:22.802715,TSLA,398.08,,1,MARKET,LONG,,,,,,,,,
,,,2025-01-30 23:02:41.259881,TSLA,398.94,,1,MARKET,LONG,,,,,,,,,
,,,2025-01-30 23:05:43.946945,TSLA,398.52,,1,MARKET,LONG,,,,,,,,,
,,,2025-01-30 23:07:06.826439,TSLA,397.71,,1,MARKET,LONG,,,,,,,,,
,,,2025-01-30 23:12:18.597071,TSLA,397.34,,1,MARKET,LONG,,,,,,,,,
,,,2025-01-30 23:14:02.822041,TSLA,396.67,,1,MARKET,LONG,,,,,,,,,
,,,2025-01-30 23:17:36.760432,TSLA,396.93,,1,MARKET,LONG,,,,,,,,,
,,,2025-01-30 23:19:16.458363,TSLA,397.95,,1,MARKET,LONG,,,,,,,,,
,,,2025-01-30 03:25:29.317958,TSLA,393.85,,1,MARKET,LONG,,,,,,,,,
,,,2025-01-30 03:25:57.351037,TSLA,395.53,,1,MARKET,LONG,,,,,,,,,
,,,2025-01-30 03:26:45.934752,TSLA,400.49,,1,MARKET,LONG,,,,,,,,,
,,,2025-01-30 03:26:47.688281,TSLA,399.00,,1,MARKET,LONG,,,,,,,,,
,,,2025-01-30 03:27:01.210837,TSLA,399.87,,1,MARKET,LONG,,,,,,,,,
,,,2025-01-30 03:27:08.216894,TSLA,399.49,,1,MARKET,LONG,,,,,,,,,
,,,2025-01-30 03:27:27.401799,TSLA,401.08,,1,MARKET,LONG,,,,,,,,,
,,,2025-01-30 03:27:31.158180,TSLA,401.99,,1,MARKET,LONG,,,,,,,,,
,,,2025-01-30 03:27:35.412195,TSLA,402.61,,1,MARKET,LONG,,,,,,,,,
,,,2025-01-30 03:27:47.681149,TSLA,404.99,,1,MARKET,LONG,,,,,,,,,
,,,2025-01-30 03:28:03.861057,TSLA,405.50,,1,MARKET,LONG,,,,,,,,,
,,,2025-01-30 03:28:07.865486,TSLA,405.29,,1,MARKET,LONG,,,,,,,,,
,,,2025-01-30 03:28:21.135073,TSLA,406.07,,1,MARKET,LONG,,,,,,,,,
,,,2025-01-30 03:28:32.154456,TSLA,406.46,,1,MARKET,LONG,,,,,,,,,
,,,2025-01-30 03:28:39.195323,TSLA,406.60,,1,MARKET,LONG,,,,,,,,,
,,,2025-01-30 03:29:53.033638,TSLA,403.27,,1,MARKET,LONG,,,,,,,,,
,,,2025-01-30 03:30:16.329177,TSLA,403.90,,1,MARKET,LONG,,,,,,,,,
,,,2025-01-30 03:30:22.333112,TSLA,404.63,,1,MARKET,LONG,,,,,,,,,
,,,2025-01-30 03:30:48.631988,TSLA,403.28,,1,MARKET,LONG,,,,,,,,,
,,,2025-01-30 03:31:30.176002,TSLA,402.90,,1,MARKET,LONG,,,,,,,,,
,,,2025-01-30 03:31:37.317615,TSLA,403.05,,1,MARKET,LONG,,,,,,,,,
,,,2025-01-30 03:31:48.333810,TSLA,404.75,,1,MARKET,LONG,,,,,,,,,
,,,2025-01-30 03:31:59.352877,TSLA,405.32,,1,MARKET,LONG,,,,,,,,,
,,,2025-01-30 03:32:33.155863,TSLA,403.06,,1,MARKET,LONG,,,,,,,,,
,,,2025-01-30 03:33:24.485864,TSLA,402.99,,1,MARKET,LONG,,,,,,,,,
,,,2025-01-30 03:34:26.327764,TSLA,404.15,,1,MARKET,LONG,,,,,,,,,
,,,2025-01-30 03:34:37.342476,TSLA,404.41,,1,MARKET,LONG,,,,,,,,,
,,,2025-01-30 03:34:45.604908,TSLA,404.48,,1,MARKET,LONG,,,,,,,,,
,,,2025-01-30 03:34:55.621976,TSLA,404.96,,1,MARKET,LONG,,,,,,,,,
,,,2025-01-30 03:34:58.626165,TSLA,404.34,,1,MARKET,LONG,,,,,,,,,
,,,2025-01-30 03:36:46.047250,TSLA,401.48,,1,MARKET,LONG,,,,,,,,,
,,,2025-01-30 03:37:29.361532,TSLA,403.37,,1,MARKET,LONG,,,,,,,,,
,,,2025-01-30 03:37:42.716102,TSLA,403.50,,1,MARKET,LONG,,,,,,,,,
,,,2025-01-30 03:39:40.122608,TSLA,403.48,,1,MARKET,LONG,,,,,,,,,
,,,2025-01-30 03:40:29.699518,TSLA,403.87,,1,MARKET,LONG,,,,,,,,,
,,,2025-01-30 03:40:32.701480,TSLA,403.12,,1,MARKET,LONG,,,,,,,,,
,,,2025-01-30 03:41:14.880400,TSLA,403.39,,1,MARKET,LONG,,,,,,,,,
,,,2025-01-30 03:41:54.442811,TSLA,403.49,,1,MARKET,LONG,,,,,,,,,
,,,2025-01-30 03:44:06.139103,TSLA,401.99,,1,MARKET,LONG,,,,,,,,,
,,,2025-01-30 03:44:08.389381,TSLA,401.99,,1,MARKET,LONG,,,,,,,,,
,,,2025-01-30 03:44:11.645448,TSLA,401.25,,1,MARKET,LONG,,,,,,,,,
,,,2025-01-30 03:44:19.157396,TSLA,401.04,,1,MARKET,LONG,,,,,,,,,
,,,2025-01-30 03:44:22.664157,TSLA,401.05,,1,MARKET,LONG,,,,,,,,,
,,,2025-01-30 03:46:18.585445,TSLA,402.75,,1,MARKET,LONG,,,,,,,,,
,,,2025-01-30 03:47:58.479643,TSLA,402.80,,1,MARKET,LONG,,,,,,,,,
,,,2025-01-30 03:48:11.995226,TSLA,402.90,,1,MARKET,LONG,,,,,,,,,
,,,2025-01-30 03:48:14.493726,TSLA,402.89,,1,MARKET,LONG,,,,,,,,,
,,,2025-01-30 21:49:49.161510,COIN,304.25,,1,MARKET,SHORT,,,,,,,,,
,,,2025-01-30 21:51:17.983604,COIN,304.63,,1,MARKET,SHORT,,,,,,,,,
,,,2025-01-30 21:53:08.866763,COIN,303.66,,1,MARKET,SHORT,,,,,,,,,
,,,2025-01-30 21:53:44.448595,COIN,303.58,,1,MARKET,SHORT,,,,,,,,,
,,,2025-01-30 21:55:54.677648,COIN,302.55,,1,MARKET,SHORT,,,,,,,,,
,,,2025-01-30 21:58:05.068042,COIN,302.70,,1,MARKET,SHORT,,,,,,,,,
,,,2025-01-30 22:01:21.054784,COIN,303.27,,1,MARKET,SHORT,,,,,,,,,
,,,2025-01-30 22:01:41.525686,COIN,302.54,,1,MARKET,SHORT,,,,,,,,,
,,,2025-01-30 22:04:28.049848,COIN,303.20,,1,MARKET,SHORT,,,,,,,,,
,,,2025-01-30 22:04:47.086762,COIN,302.81,,1,MARKET,SHORT,,,,,,,,,
,,,2025-01-30 22:05:13.643525,COIN,303.08,,1,MARKET,SHORT,,,,,,,,,
,,,2025-01-30 22:06:10.277629,COIN,303.12,,1,MARKET,SHORT,,,,,,,,,
,,,2025-01-30 22:06:24.307531,COIN,303.23,,1,MARKET,SHORT,,,,,,,,,
,,,2025-01-30 22:08:10.406070,COIN,303.80,,1,MARKET,SHORT,,,,,,,,,
,,,2025-01-30 22:10:54.495173,COIN,304.00,,1,MARKET,SHORT,,,,,,,,,
,,,2025-01-30 22:11:52.114551,COIN,303.69,,1,MARKET,SHORT,,,,,,,,,
,,,2025-01-30 22:13:07.230147,COIN,304.06,,1,MARKET,SHORT,,,,,,,,,
,,,2025-01-30 22:14:07.350002,COIN,303.60,,1,MARKET,SHORT,,,,,,,,,
,,,2025-01-30 22:16:50.632221,COIN,303.31,,1,MARKET,SHORT,,,,,,,,,
,,,2025-01-30 22:17:22.917346,COIN,302.96,,1,MARKET,SHORT,,,,,,,,,
,,,2025-01-30 22:17:44.711638,COIN,303.10,,1,MARKET,SHORT,,,,,,,,,
,,,2025-01-30 22:18:47.766734,COIN,303.36,,1,MARKET,SHORT,,,,,,,,,
,,,2025-01-30 22:19:34.111787,COIN,303.89,,1,MARKET,SHORT,,,,,,,,,
,,,2025-01-30 22:20:14.505185,COIN,303.92,,1,MARKET,SHORT,,,,,,,,,
,,,2025-01-30 22:24:39.393755,COIN,304.99,,1,MARKET,SHORT,,,,,,,,,
,,,2025-01-30 22:25:22.261417,COIN,305.37,,1,MARKET,SHORT,,,,,,,,,
,,,2025-01-30 22:29:41.891634,COIN,304.74,,1,MARKET,SHORT,,,,,,,,,
,,,2025-01-30 22:30:57.558611,COIN,304.62,,1,MARKET,SHORT,,,,,,,,,
,,,2025-01-30 22:32:25.559797,COIN,304.72,,1,MARKET,SHORT,,,,,,,,,
,,,2025-01-30 22:35:31.508904,COIN,304.32,,1,MARKET,SHORT,,,,,,,,,
,,,2025-01-30 22:36:55.378755,COIN,304.07,,1,MARKET,SHORT,,,,,,,,,
,,,2025-01-30 22:40:13.982054,COIN,304.66,,1,MARKET,SHORT,,,,,,,,,
,,,2025-01-30 22:42:33.048422,COIN,305.43,,1,MARKET,SHORT,,,,,,,,,
,,,2025-01-30 22:47:19.127137,COIN,304.42,,1,MARKET,SHORT,,,,,,,,,
,,,2025-01-30 22:49:48.110927,COIN,304.49,,1,MARKET,SHORT,,,,,,,,,
,,,2025-01-30 22:51:28.480982,COIN,304.11,,1,MARKET,SHORT,,,,,,,,,
,,,2025-01-30 22:54:30.153623,COIN,304.05,,1,MARKET,SHORT,,,,,,,,,
,,,2025-01-30 22:56:20.470843,COIN,304.00,,1,MARKET,SHORT,,,,,,,,,
,,,2025-01-30 22:58:41.002897,COIN,303.19,,1,MARKET,SHORT,,,,,,,,,
,,,2025-01-30 23:03:35.853529,COIN,301.09,,1,MARKET,SHORT,,,,,,,,,
,,,2025-01-30 23:04:06.426047,COIN,301.41,,1,MARKET,SHORT,,,,,,,,,
,,,2025-01-30 23:07:09.833647,COIN,300.92,,1,MARKET,SHORT,,,,,,,,,
,,,2025-01-30 23:08:38.879273,COIN,301.68,,1,MARKET,SHORT,,,,,,,,,
,,,2025-01-30 23:11:44.529628,COIN,301.25,,1,MARKET,SHORT,,,,,,,,,
,,,2025-01-30 23:14:46.411320,COIN,300.01,,1,MARKET,SHORT,,,,,,,,,
,,,2025-01-30 23:16:48.162800,COIN,300.35,,1,MARKET,SHORT,,,,,,,,,
,,,2025-01-30 23:18:01.311541,COIN,300.20,,1,MARKET,SHORT,,,,,,,,,
,,,2025-01-30 23:19:04.938496,COIN,300.35,,1,MARKET,SHORT,,,,,,,,,
,,,2025-01-30 03:26:05.374715,COIN,290.00,,1,MARKET,LONG,,,,,,,,,
,,,2025-01-30 03:27:10.585843,COIN,290.00,,1,MARKET,LONG,,,,,,,,,
,,,2025-01-30 03:30:45.878116,COIN,290.00,,1,MARKET,LONG,,,,,,,,,
,,,2025-01-30 03:32:20.384411,COIN,290.08,,1,MARKET,LONG,,,,,,,,,
,,,2025-01-30 03:32:32.407902,COIN,290.09,,1,MARKET,LONG,,,,,,,,,
,,,2025-01-30 03:32:45.218224,COIN,291.00,,1,MARKET,LONG,,,,,,,,,
,,,2025-01-30 03:32:57.948623,COIN,291.33,,1,MARKET,LONG,,,,,,,,,
,,,2025-01-30 03:35:22.160130,COIN,291.50,,1,MARKET,LONG,,,,,,,,,
,,,2025-01-30 03:35:48.699415,COIN,290.06,,1,MARKET,LONG,,,,,,,,,
,,,2025-01-30 03:38:24.772680,COIN,291.08,,1,MARKET,LONG,,,,,,,,,
,,,2025-01-30 03:38:25.773662,COIN,289.87,,1,MARKET,LONG,,,,,,,,,
,,,2025-01-30 03:38:37.538837,COIN,289.87,,1,MARKET,LONG,,,,,,,,,
,,,2025-01-30 03:42:28.481325,COIN,290.99,,1,MARKET,LONG,,,,,,,,,
,,,2025-01-30 03:43:45.395156,COIN,290.80,,1,MARKET,LONG,,,,,,,,,
,,,2025-01-30 03:45:10.980518,COIN,290.25,,1,MARKET,LONG,,,,,,,,,
,,,2025-01-30 03:45:57.801689,COIN,290.60,,1,MARKET,LONG,,,,,,,,,
,,,2025-01-30 03:46:11.323795,COIN,290.80,,1,MARKET,LONG,,,,,,,,,
,,,2025-01-30 03:46:16.080292,COIN,291.00,,1,MARKET,LONG,,,,,,,,,
,,,2025-01-30 03:46:28.343875,COIN,290.80,,1,MARKET,LONG,,,,,,,,,
,,,2025-01-30 03:46:50.631163,COIN,290.21,,1,MARKET,LONG,,,,,,,,,
,,,2025-01-30 21:49:52.921382,TSLA,396.49,,1,MARKET,SHORT,,,,,,,,,
,,,2025-01-30 21:50:48.416989,TSLA,396.51,,1,MARKET,SHORT,,,,,,,,,
,,,2025-01-30 21:53:08.869763,TSLA,393.21,,1,MARKET,SHORT,,,,,,,,,
,,,2025-01-30 21:57:02.179171,TSLA,392.27,,1,MARKET,SHORT,,,,,,,,,
,,,2025-01-30 21:57:57.797165,TSLA,392.15,,1,MARKET,SHORT,,,,,,,,,
,,,2025-01-30 22:01:05.719382,TSLA,391.54,,1,MARKET,SHORT,,,,,,,,,
,,,2025-01-30 22:05:00.115826,TSLA,392.31,,1,MARKET,SHORT,,,,,,,,,
,,,2025-01-30 22:07:42.850507,TSLA,394.11,,1,MARKET,SHORT,,,,,,,,,
,,,2025-01-30 22:10:56.997691,TSLA,393.17,,1,MARKET,SHORT,,,,,,,,,
,,,2025-01-30 22:11:57.369191,TSLA,393.01,,1,MARKET,SHORT,,,,,,,,,
,,,2025-01-30 22:13:00.214068,TSLA,393.21,,1,MARKET,SHORT,,,,,,,,,
,,,2025-01-30 22:15:19.511036,TSLA,393.07,,1,MARKET,SHORT,,,,,,,,,
,,,2025-01-30 22:18:40.756706,TSLA,393.00,,1,MARKET,SHORT,,,,,,,,,
,,,2025-01-30 22:22:23.124978,TSLA,394.76,,1,MARKET,SHORT,,,,,,,,,
,,,2025-01-30 22:23:21.529417,TSLA,394.83,,1,MARKET,SHORT,,,,,,,,,
,,,2025-01-30 22:26:03.383951,TSLA,396.56,,1,MARKET,SHORT,,,,,,,,,
,,,2025-01-30 22:28:42.826583,TSLA,396.07,,1,MARKET,SHORT,,,,,,,,,
,,,2025-01-30 22:31:12.135841,TSLA,397.04,,1,MARKET,SHORT,,,,,,,,,
,,,2025-01-30 22:34:17.138554,TSLA,398.48,,1,MARKET,SHORT,,,,,,,,,
,,,2025-01-30 22:36:17.302890,TSLA,398.09,,1,MARKET,SHORT,,,,,,,,,
,,,2025-01-30 22:37:37.111181,TSLA,397.99,,1,MARKET,SHORT,,,,,,,,,
,,,2025-01-30 22:40:31.501744,TSLA,398.77,,1,MARKET,SHORT,,,,,,,,,
,,,2025-01-30 22:42:17.018551,TSLA,398.42,,1,MARKET,SHORT,,,,,,,,,
,,,2025-01-30 22:43:10.355438,TSLA,398.83,,1,MARKET,SHORT,,,,,,,,,
,,,2025-01-30 22:45:57.175496,TSLA,398.40,,1,MARKET,SHORT,,,,,,,,,
,,,2025-01-30 22:47:34.101620,TSLA,398.67,,1,MARKET,SHORT,,,,,,,,,
,,,2025-01-30 22:49:05.024563,TSLA,398.93,,1,MARKET,SHORT,,,,,,,,,
,,,2025-01-30 22:51:25.217197,TSLA,398.60,,1,MARKET,SHORT,,,,,,,,,
,,,2025-01-30 22:54:15.124370,TSLA,398.40,,1,MARKET,SHORT,,,,,,,,,
,,,2025-01-30 22:59:13.062455,TSLA,400.47,,1,MARKET,SHORT,,,,,,,,,
,,,2025-01-30 23:03:48.634055,TSLA,398.90,,1,MARKET,SHORT,,,,,,,,,
,,,2025-01-30 23:08:28.377434,TSLA,397.78,,1,MARKET,SHORT,,,,,,,,,
,,,2025-01-30 23:10:30.619624,TSLA,398.07,,1,MARKET,SHORT,,,,,,,,,
,,,2025-01-30 23:19:04.434464,TSLA,397.55,,1,MARKET,SHORT,,,,,,,,,
,,,2025-01-30 03:28:47.450393,TSLA,402.21,,1,MARKET,SHORT,,,,,,,,,
,,,2025-01-30 03:28:51.456217,TSLA,404.84,,1,MARKET,SHORT,,,,,,,,,
,,,2025-01-30 03:28:56.421833,TSLA,404.34,,1,MARKET,SHORT,,,,,,,,,
,,,2025-01-30 03:29:04.684915,TSLA,402.21,,1,MARKET,SHORT,,,,,,,,,
,,,2025-01-30 03:29:07.439785,TSLA,402.35,,1,MARKET,SHORT,,,,,,,,,
,,,2025-01-30 03:29:15.699514,TSLA,401.79,,1,MARKET,SHORT,,,,,,,,,
,,,2025-01-30 03:29:35.001050,TSLA,402.51,,1,MARKET,SHORT,,,,,,,,,
,,,2025-01-30 03:29:40.762344,TSLA,403.29,,1,MARKET,SHORT,,,,,,,,,
,,,2025-01-30 03:29:54.786928,TSLA,403.11,,1,MARKET,SHORT,,,,,,,,,
,,,2025-01-30 03:30:30.597988,TSLA,402.27,,1,MARKET,SHORT,,,,,,,,,
,,,2025-01-30 03:30:56.645579,TSLA,401.80,,1,MARKET,SHORT,,,,,,,,,
,,,2025-01-30 03:31:17.907013,TSLA,401.24,,1,MARKET,SHORT,,,,,,,,,
,,,2025-01-30 03:32:30.904422,TSLA,402.57,,1,MARKET,SHORT,,,,,,,,,
,,,2025-01-30 03:32:48.183001,TSLA,402.99,,1,MARKET,SHORT,,,,,,,,,
,,,2025-01-30 03:35:10.892929,TSLA,404.03,,1,MARKET,SHORT,,,,,,,,,
,,,2025-01-30 03:35:37.181943,TSLA,404.25,,1,MARKET,SHORT,,,,,,,,,
,,,2025-01-30 03:35:49.199210,TSLA,401.99,,1,MARKET,SHORT,,,,,,,,,
,,,2025-01-30 03:35:58.223379,TSLA,401.42,,1,MARKET,SHORT,,,,,,,,,
,,,2025-01-30 03:36:09.491426,TSLA,400.80,,1,MARKET,SHORT,,,,,,,,,
,,,2025-01-30 03:36:25.298713,TSLA,400.36,,1,MARKET,SHORT,,,,,,,,,
,,,2025-01-30 03:36:46.799983,TSLA,400.81,,1,MARKET,SHORT,,,,,,,,,
,,,2025-01-30 03:37:04.825008,TSLA,401.51,,1,MARKET,SHORT,,,,,,,,,
,,,2025-01-30 03:38:18.514577,TSLA,403.25,,1,MARKET,SHORT,,,,,,,,,
,,,2025-01-30 03:38:52.058920,TSLA,401.54,,1,MARKET,SHORT,,,,,,,,,
,,,2025-01-30 03:39:23.849805,TSLA,402.21,,1,MARKET,SHORT,,,,,,,,,
,,,2025-01-30 03:40:34.704158,TSLA,403.00,,1,MARKET,SHORT,,,,,,,,,
,,,2025-01-30 03:40:50.727257,TSLA,403.07,,1,MARKET,SHORT,,,,,,,,,
,,,2025-01-30 03:41:43.174060,TSLA,403.10,,1,MARKET,SHORT,,,,,,,,,
,,,2025-01-30 03:42:24.734357,TSLA,402.02,,1,MARKET,SHORT,,,,,,,,,
,,,2025-01-30 03:42:43.266990,TSLA,402.53,,1,MARKET,SHORT,,,,,,,,,
,,,2025-01-30 03:43:31.839799,TSLA,400.58,,1,MARKET,SHORT,,,,,,,,,
,,,2025-01-30 03:45:41.525450,TSLA,401.48,,1,MARKET,SHORT,,,,,,,,,
,,,2025-01-30 03:46:08.318917,TSLA,402.05,,1,MARKET,SHORT,,,,,,,,,
,,,2025-01-30 03:46:30.851117,TSLA,402.50,,1,MARKET,SHORT,,,,,,,,,
,,,2025-01-30 03:47:12.164359,TSLA,401.53,,1,MARKET,SHORT,,,,,,,,,
,,,2025-01-30 03:47:15.459103,TSLA,401.57,,1,MARKET,SHORT,,,,,,,,,
,,,2025-01-30 03:47:15.918317,TSLA,402.50,,1,MARKET,SHORT,,,,,,,,,
,,,2025-01-30 03:47:48.968641,TSLA,402.15,,1,MARKET,SHORT,,,,,,,,,
,,,2025-01-30 21:50:15.727885,COIN,304.56,,1,MARKET,LONG,,,,,,,,,
,,,2025-01-30 21:53:29.415823,COIN,304.00,,1,MARKET,LONG,,,,,,,,,
,,,2025-01-30 21:56:10.968678,COIN,302.90,,1,MARKET,LONG,,,,,,,,,
,,,2025-01-30 21:56:31.247097,COIN,302.46,,1,MARKET,LONG,,,,,,,,,
,,,2025-01-30 22:00:07.077367,COIN,302.38,,1,MARKET,LONG,,,,,,,,,
,,,2025-01-30 22:02:44.139949,COIN,302.41,,1,MARKET,LONG,,,,,,,,,
,,,2025-01-30 22:04:46.336098,COIN,303.41,,1,MARKET,LONG,,,,,,,,,
,,,2025-01-30 22:05:24.420077,COIN,303.60,,1,MARKET,LONG,,,,,,,,,
,,,2025-01-30 22:06:17.795254,COIN,303.49,,1,MARKET,LONG,,,,,,,,,
,,,2025-01-30 22:07:04.544030,COIN,303.58,,1,MARKET,LONG,,,,,,,,,
,,,2025-01-30 22:09:00.511425,COIN,304.00,,1,MARKET,LONG,,,,,,,,,
,,,2025-01-30 22:12:01.629100,COIN,304.10,,1,MARKET,LONG,,,,,,,,,
,,,2025-01-30 22:14:15.868282,COIN,303.89,,1,MARKET,LONG,,,,,,,,,
,,,2025-01-30 22:15:20.262137,COIN,303.48,,1,MARKET,LONG,,,,,,,,,
,,,2025-01-30 22:17:13.646535,COIN,303.47,,1,MARKET,LONG,,,,,,,,,
,,,2025-01-30 22:18:57.035745,COIN,303.57,,1,MARKET,LONG,,,,,,,,,
,,,2025-01-30 22:19:37.871414,COIN,304.20,,1,MARKET,LONG,,,,,,,,,
,,,2025-01-30 22:21:16.474949,COIN,303.94,,1,MARKET,LONG,,,,,,,,,
,,,2025-01-30 22:25:06.180593,COIN,305.49,,1,MARKET,LONG,,,,,,,,,
,,,2025-01-30 22:27:25.856936,COIN,305.32,,1,MARKET,LONG,,,,,,,,,
,,,2025-01-30 22:28:07.752841,COIN,305.10,,1,MARKET,LONG,,,,,,,,,
,,,2025-01-30 22:28:46.582041,COIN,304.86,,1,MARKET,LONG,,,,,,,,,
,,,2025-01-30 22:31:14.094562,COIN,304.91,,1,MARKET,LONG,,,,,,,,,
,,,2025-01-30 22:31:57.506907,COIN,304.75,,1,MARKET,LONG,,,,,,,,,
,,,2025-01-30 22:33:51.772864,COIN,304.44,,1,MARKET,LONG,,,,,,,,,
,,,2025-01-30 22:36:08.287081,COIN,304.61,,1,MARKET,LONG,,,,,,,,,
,,,2025-01-30 22:36:40.350011,COIN,304.60,,1,MARKET,LONG,,,,,,,,,
,,,2025-01-30 22:38:19.022593,COIN,304.06,,1,MARKET,LONG,,,,,,,,,
,,,2025-01-30 22:45:51.664554,COIN,304.63,,1,MARKET,LONG,,,,,,,,,
,,,2025-01-30 22:47:37.862187,COIN,304.61,,1,MARKET,LONG,,,,,,,,,
,,,2025-01-30 22:49:37.841989,COIN,304.82,,1,MARKET,LONG,,,,,,,,,
,,,2025-01-30 22:50:48.478685,COIN,304.49,,1,MARKET,LONG,,,,,,,,,
,,,2025-01-30 22:51:40.998124,COIN,304.57,,1,MARKET,LONG,,,,,,,,,
,,,2025-01-30 22:53:13.064401,COIN,304.14,,1,MARKET,LONG,,,,,,,,,
,,,2025-01-30 22:54:34.161329,COIN,304.21,,1,MARKET,LONG,,,,,,,,,
,,,2025-01-30 22:56:05.692842,COIN,304.02,,1,MARKET,LONG,,,,,,,,,
,,,2025-01-30 22:58:38.496297,COIN,303.41,,1,MARKET,LONG,,,,,,,,,
,,,2025-01-30 22:59:08.556076,COIN,303.17,,1,MARKET,LONG,,,,,,,,,
,,,2025-01-30 23:03:03.558118,COIN,301.69,,1,MARKET,LONG,,,,,,,,,
,,,2025-01-30 23:03:36.354801,COIN,301.31,,1,MARKET,LONG,,,,,,,,,
,,,2025-01-30 23:05:15.739997,COIN,301.48,,1,MARKET,LONG,,,,,,,,,
,,,2025-01-30 23:06:56.807353,COIN,301.42,,1,MARKET,LONG,,,,,,,,,
,,,2025-01-30 23:10:13.085005,COIN,301.49,,1,MARKET,LONG,,,,,,,,,
,,,2025-01-30 23:12:35.632933,COIN,301.51,,1,MARKET,LONG,,,,,,,,,
,,,2025-01-30 23:14:52.221629,COIN,300.49,,1,MARKET,LONG,,,,,,,,,
,,,2025-01-30 23:17:45.030493,COIN,300.48,,1,MARKET,LONG,,,,,,,,,
,,,2025-01-30 23:19:20.969253,COIN,300.78,,1,MARKET,LONG,,,,,,,,,
,,,2025-01-30 03:48:48.302332,TSLA,402.80,,1,MARKET,LONG,,,,,,,,,
,,,2025-01-30 03:50:06.160559,TSLA,402.80,,1,MARKET,LONG,,,,,,,,,
,,,2025-01-30 03:52:45.099528,TSLA,406.73,,1,MARKET,LONG,,,,,,,,,
,,,2025-01-30 03:52:53.085020,TSLA,407.19,,1,MARKET,LONG,,,,,,,,,
,,,2025-01-30 03:53:00.878160,TSLA,406.74,,1,MARKET,LONG,,,,,,,,,
,,,2025-01-30 03:54:27.884134,TSLA,403.50,,1,MARKET,LONG,,,,,,,,,
,,,2025-01-30 03:55:00.280356,TSLA,403.94,,1,MARKET,LONG,,,,,,,,,
,,,2025-01-30 03:55:18.804843,TSLA,403.03,,1,MARKET,LONG,,,,,,,,,
,,,2025-01-30 03:55:33.077596,TSLA,403.50,,1,MARKET,LONG,,,,,,,,,
,,,2025-01-30 03:56:25.376813,TSLA,402.86,,1,MARKET,LONG,,,,,,,,,
,,,2025-01-30 03:57:02.888784,TSLA,402.97,,1,MARKET,LONG,,,,,,,,,
,,,2025-01-30 03:58:11.483618,TSLA,403.00,,1,MARKET,LONG,,,,,,,,,
,,,2025-01-30 04:00:12.469835,TSLA,402.00,,1,MARKET,LONG,,,,,,,,,
,,,2025-01-30 04:00:37.752440,TSLA,402.00,,1,MARKET,LONG,,,,,,,,,
,,,2025-01-30 04:02:00.607562,TSLA,402.97,,1,MARKET,LONG,,,,,,,,,
,,,2025-01-30 04:03:12.453005,TSLA,401.76,,1,MARKET,LONG,,,,,,,,,
,,,2025-01-30 04:04:31.918000,TSLA,403.21,,1,MARKET,LONG,,,,,,,,,
,,,2025-01-30 04:05:50.017995,TSLA,402.91,,1,MARKET,LONG,,,,,,,,,
,,,2025-01-30 04:07:45.756359,TSLA,401.55,,1,MARKET,LONG,,,,,,,,,
,,,2025-01-30 04:07:47.757888,TSLA,400.19,,1,MARKET,LONG,,,,,,,,,
,,,2025-01-30 04:07:52.512664,TSLA,401.46,,1,MARKET,LONG,,,,,,,,,
,,,2025-01-30 04:07:54.765219,TSLA,400.36,,1,MARKET,LONG,,,,,,,,,
,,,2025-01-30 04:08:18.044696,TSLA,401.00,,1,MARKET,LONG,,,,,,,,,
,,,2025-01-30 04:08:35.074784,TSLA,400.58,,1,MARKET,LONG,,,,,,,,,
,,,2025-01-30 04:08:42.826217,TSLA,400.36,,1,MARKET,LONG,,,,,,,,,
,,,2025-01-30 04:09:32.440052,TSLA,400.98,,1,MARKET,LONG,,,,,,,,,
,,,2025-01-30 04:09:39.949734,TSLA,400.00,,1,MARKET,LONG,,,,,,,,,
,,,2025-01-30 04:10:03.734831,TSLA,399.55,,1,MARKET,LONG,,,,,,,,,
,,,2025-01-30 04:10:34.530129,TSLA,400.00,,1,MARKET,LONG,,,,,,,,,
,,,2025-01-30 04:10:45.296145,TSLA,400.49,,1,MARKET,LONG,,,,,,,,,
,,,2025-01-30 04:13:32.263387,TSLA,400.36,,1,MARKET,LONG,,,,,,,,,
,,,2025-01-30 04:18:15.572811,TSLA,400.40,,1,MARKET,LONG,,,,,,,,,
,,,2025-01-30 04:18:57.092043,TSLA,400.88,,1,MARKET,LONG,,,,,,,,,
,,,2025-01-30 04:19:00.345937,TSLA,401.40,,1,MARKET,LONG,,,,,,,,,
,,,2025-01-30 04:19:02.349396,TSLA,400.50,,1,MARKET,LONG,,,,,,,,,
,,,2025-01-30 04:19:18.120199,TSLA,400.37,,1,MARKET,LONG,,,,,,,,,
,,,2025-01-30 04:22:04.328083,TSLA,399.66,,1,MARKET,LONG,,,,,,,,,
,,,2025-01-30 04:23:26.103294,TSLA,399.80,,1,MARKET,LONG,,,,,,,,,
,,,2025-01-30 04:23:47.134093,TSLA,399.85,,1,MARKET,LONG,,,,,,,,,
,,,2025-01-30 04:24:49.222129,TSLA,399.27,,1,MARKET,LONG,,,,,,,,,
,,,2025-01-30 04:25:40.291376,TSLA,398.71,,1,MARKET,LONG,,,,,,,,,
,,,2025-01-30 04:26:34.110800,TSLA,399.00,,1,MARKET,LONG,,,,,,,,,
,,,2025-01-30 04:29:04.052219,TSLA,395.62,,1,MARKET,LONG,,,,,,,,,
,,,2025-01-30 04:29:11.561508,TSLA,395.48,,1,MARKET,LONG,,,,,,,,,
,,,2025-01-30 04:29:44.359220,TSLA,397.48,,1,MARKET,LONG,,,,,,,,,
,,,2025-01-30 04:30:03.413108,TSLA,397.00,,1,MARKET,LONG,,,,,,,,,
,,,2025-01-30 04:30:34.208909,TSLA,396.80,,1,MARKET,LONG,,,,,,,,,
,,,2025-01-30 04:31:06.004608,TSLA,397.19,,1,MARKET,LONG,,,,,,,,,
,,,2025-01-30 04:31:34.581181,TSLA,397.27,,1,MARKET,LONG,,,,,,,,,
,,,2025-01-30 04:32:25.905724,TSLA,396.95,,1,MARKET,LONG,,,,,,,,,
,,,2025-01-30 23:19:36.751590,TSLA,397.99,,1,MARKET,SHORT,,,,,,,,,
,,,2025-01-30 23:22:13.168076,TSLA,398.89,,1,MARKET,SHORT,,,,,,,,,
,,,2025-01-30 23:25:31.785155,TSLA,398.92,,1,MARKET,SHORT,,,,,,,,,
,,,2025-01-30 23:29:41.403084,TSLA,399.05,,1,MARKET,SHORT,,,,,,,,,
,,,2025-01-30 23:34:24.997068,TSLA,398.75,,1,MARKET,SHORT,,,,,,,,,
,,,2025-01-30 23:40:18.358955,TSLA,399.29,,1,MARKET,SHORT,,,,,,,,,
,,,2025-01-30 23:43:41.289054,TSLA,400.97,,1,MARKET,SHORT,,,,,,,,,
,,,2025-01-30 23:46:36.960933,TSLA,401.61,,1,MARKET,SHORT,,,,,,,,,
,,,2025-01-30 23:48:46.472571,TSLA,402.70,,1,MARKET,SHORT,,,,,,,,,
,,,2025-01-30 23:51:05.945684,TSLA,403.27,,1,MARKET,SHORT,,,,,,,,,
,,,2025-01-30 23:54:38.310829,TSLA,404.58,,1,MARKET,SHORT,,,,,,,,,
,,,2025-01-30 23:55:26.659520,TSLA,404.78,,1,MARKET,SHORT,,,,,,,,,
,,,2025-01-30 23:57:39.432274,TSLA,406.18,,1,MARKET,SHORT,,,,,,,,,
,,,2025-01-30 23:58:53.838629,TSLA,406.27,,1,MARKET,SHORT,,,,,,,,,
,,,2025-01-30 03:49:01.821772,COIN,290.70,,1,MARKET,SHORT,,,,,,,,,
,,,2025-01-30 03:54:44.406458,COIN,289.81,,1,MARKET,SHORT,,,,,,,,,
,,,2025-01-30 03:54:58.273229,COIN,289.81,,1,MARKET,SHORT,,,,,,,,,
,,,2025-01-30 03:56:20.578793,COIN,289.44,,1,MARKET,SHORT,,,,,,,,,
,,,2025-01-30 04:00:04.208695,COIN,290.50,,1,MARKET,SHORT,,,,,,,,,
,,,2025-01-30 04:01:12.550787,COIN,290.00,,1,MARKET,SHORT,,,,,,,,,
,,,2025-01-30 04:04:39.494971,COIN,290.00,,1,MARKET,SHORT,,,,,,,,,
,,,2025-01-30 04:05:51.524105,COIN,290.84,,1,MARKET,SHORT,,,,,,,,,
,,,2025-01-30 04:09:55.972803,COIN,290.50,,1,MARKET,SHORT,,,,,,,,,
,,,2025-01-30 04:12:09.382591,COIN,290.99,,1,MARKET,SHORT,,,,,,,,,
,,,2025-01-30 04:15:03.334868,COIN,290.47,,1,MARKET,SHORT,,,,,,,,,
,,,2025-01-30 04:17:10.212139,COIN,289.20,,1,MARKET,SHORT,,,,,,,,,
,,,2025-01-30 04:18:42.070283,COIN,290.35,,1,MARKET,SHORT,,,,,,,,,
,,,2025-01-30 04:24:06.912075,COIN,289.50,,1,MARKET,SHORT,,,,,,,,,
,,,2025-01-30 04:31:39.589202,COIN,289.31,,1,MARKET,SHORT,,,,,,,,,
,,,2025-01-30 23:22:02.145329,COIN,300.48,,1,MARKET,SHORT,,,,,,,,,
,,,2025-01-30 23:23:19.303191,COIN,300.33,,1,MARKET,SHORT,,,,,,,,,
,,,2025-01-30 23:29:15.852367,COIN,299.74,,1,MARKET,SHORT,,,,,,,,,
,,,2025-01-30 23:32:42.513977,COIN,299.81,,1,MARKET,SHORT,,,,,,,,,
,,,2025-01-30 23:37:30.264818,COIN,299.08,,1,MARKET,SHORT,,,,,,,,,
,,,2025-01-30 23:43:41.288056,COIN,298.88,,1,MARKET,SHORT,,,,,,,,,
,,,2025-01-30 23:46:16.918531,COIN,298.40,,1,MARKET,SHORT,,,,,,,,,
,,,2025-01-30 23:49:06.514247,COIN,298.56,,1,MARKET,SHORT,,,,,,,,,
,,,2025-01-30 23:51:34.258208,COIN,298.88,,1,MARKET,SHORT,,,,,,,,,
,,,2025-01-30 23:54:30.295019,COIN,299.16,,1,MARKET,SHORT,,,,,,,,,
,,,2025-01-30 23:57:56.470045,COIN,299.53,,1,MARKET,SHORT,,,,,,,,,
,,,2025-01-30 03:49:06.831363,COIN,291.00,,1,MARKET,LONG,,,,,,,,,
,,,2025-01-30 03:54:32.392359,COIN,290.60,,1,MARKET,LONG,,,,,,,,,
,,,2025-01-30 03:54:51.918890,COIN,290.20,,1,MARKET,LONG,,,,,,,,,
,,,2025-01-30 03:55:28.067629,COIN,290.60,,1,MARKET,LONG,,,,,,,,,
,,,2025-01-30 03:56:22.581261,COIN,290.50,,1,MARKET,LONG,,,,,,,,,
,,,2025-01-30 03:57:10.650892,COIN,290.20,,1,MARKET,LONG,,,,,,,,,
,,,2025-01-30 03:58:58.876933,COIN,289.81,,1,MARKET,LONG,,,,,,,,,
,,,2025-01-30 04:01:11.295607,COIN,290.50,,1,MARKET,LONG,,,,,,,,,
,,,2025-01-30 04:01:34.076743,COIN,290.50,,1,MARKET,LONG,,,,,,,,,
,,,2025-01-30 04:05:39.015130,COIN,290.90,,1,MARKET,LONG,,,,,,,,,
,,,2025-01-30 04:08:58.596371,COIN,290.94,,1,MARKET,LONG,,,,,,,,,
,,,2025-01-30 04:09:01.349339,COIN,290.15,,1,MARKET,LONG,,,,,,,,,
,,,2025-01-30 04:09:35.443740,COIN,290.30,,1,MARKET,LONG,,,,,,,,,
,,,2025-01-30 04:10:01.731821,COIN,290.50,,1,MARKET,LONG,,,,,,,,,
,,,2025-01-30 04:18:24.545864,COIN,290.46,,1,MARKET,LONG,,,,,,,,,
,,,2025-01-30 04:21:48.303744,COIN,290.44,,1,MARKET,LONG,,,,,,,,,
,,,2025-01-30 04:22:25.356995,COIN,290.45,,1,MARKET,LONG,,,,,,,,,
,,,2025-01-30 04:23:03.818438,COIN,289.21,,1,MARKET,LONG,,,,,,,,,
,,,2025-01-30 04:29:20.576176,COIN,289.21,,1,MARKET,LONG,,,,,,,,,
,,,2025-01-30 04:32:09.131437,COIN,290.46,,1,MARKET,LONG,,,,,,,,,
,,,2025-01-30 04:32:48.613726,COIN,289.71,,1,MARKET,LONG,,,,,,,,,
,,,2025-01-30 23:23:08.033311,COIN,300.50,,1,MARKET,LONG,,,,,,,,,
,,,2025-01-30 23:28:13.829384,COIN,299.89,,1,MARKET,LONG,,,,,,,,,
,,,2025-01-30 23:33:18.352340,COIN,300.00,,1,MARKET,LONG,,,,,,,,,
,,,2025-01-30 23:35:14.112116,COIN,299.78,,1,MARKET,LONG,,,,,,,,,
,,,2025-01-30 23:36:29.629180,COIN,299.35,,1,MARKET,LONG,,,,,,,,,
,,,2025-01-30 23:37:13.354916,COIN,299.17,,1,MARKET,LONG,,,,,,,,,
,,,2025-01-30 23:38:49.419323,COIN,299.20,,1,MARKET,LONG,,,,,,,,,
,,,2025-01-30 23:42:09.597642,COIN,298.30,,1,MARKET,LONG,,,,,,,,,
,,,2025-01-30 23:45:16.039293,COIN,298.58,,1,MARKET,LONG,,,,,,,,,
,,,2025-01-30 23:47:36.077741,COIN,298.32,,1,MARKET,LONG,,,,,,,,,
,,,2025-01-30 03:49:08.832747,TSLA,402.50,,1,MARKET,SHORT,,,,,,,,,
,,,2025-01-30 03:53:18.288796,TSLA,403.20,,1,MARKET,SHORT,,,,,,,,,
,,,2025-01-30 03:53:24.297293,TSLA,402.68,,1,MARKET,SHORT,,,,,,,,,
,,,2025-01-30 03:53:28.051694,TSLA,403.99,,1,MARKET,SHORT,,,,,,,,,
,,,2025-01-30 03:53:51.332619,TSLA,404.00,,1,MARKET,SHORT,,,,,,,,,
,,,2025-01-30 03:54:11.862192,TSLA,401.98,,1,MARKET,SHORT,,,,,,,,,
,,,2025-01-30 03:54:14.614108,TSLA,401.22,,1,MARKET,SHORT,,,,,,,,,
,,,2025-01-30 03:54:39.901508,TSLA,402.52,,1,MARKET,SHORT,,,,,,,,,
,,,2025-01-30 03:54:46.158706,TSLA,402.88,,1,MARKET,SHORT,,,,,,,,,
,,,2025-01-30 03:55:49.822327,TSLA,403.00,,1,MARKET,SHORT,,,,,,,,,
,,,2025-01-30 03:56:06.845238,TSLA,402.98,,1,MARKET,SHORT,,,,,,,,,
,,,2025-01-30 03:56:18.109076,TSLA,402.49,,1,MARKET,SHORT,,,,,,,,,
,,,2025-01-30 03:57:30.178404,TSLA,402.80,,1,MARKET,SHORT,,,,,,,,,
,,,2025-01-30 03:59:05.134801,TSLA,402.31,,1,MARKET,SHORT,,,,,,,,,
,,,2025-01-30 03:59:20.400939,TSLA,401.63,,1,MARKET,SHORT,,,,,,,,,
,,,2025-01-30 03:59:21.653087,TSLA,401.81,,1,MARKET,SHORT,,,,,,,,,
,,,2025-01-30 03:59:31.667139,TSLA,402.13,,1,MARKET,SHORT,,,,,,,,,
,,,2025-01-30 04:00:36.000464,TSLA,401.71,,1,MARKET,SHORT,,,,,,,,,
,,,2025-01-30 04:01:50.096484,TSLA,402.20,,1,MARKET,SHORT,,,,,,,,,
,,,2025-01-30 04:02:00.358563,TSLA,402.20,,1,MARKET,SHORT,,,,,,,,,
,,,2025-01-30 04:04:28.111395,TSLA,402.80,,1,MARKET,SHORT,,,,,,,,,
,,,2025-01-30 04:07:20.971803,TSLA,399.00,,1,MARKET,SHORT,,,,,,,,,
,,,2025-01-30 04:08:46.082766,TSLA,400.00,,1,MARKET,SHORT,,,,,,,,,
,,,2025-01-30 04:09:22.377632,TSLA,399.96,,1,MARKET,SHORT,,,,,,,,,
,,,2025-01-30 04:09:35.442744,TSLA,399.72,,1,MARKET,SHORT,,,,,,,,,
,,,2025-01-30 04:09:49.714779,TSLA,399.19,,1,MARKET,SHORT,,,,,,,,,
,,,2025-01-30 04:10:16.505445,TSLA,399.56,,1,MARKET,SHORT,,,,,,,,,
,,,2025-01-30 04:10:44.044662,TSLA,399.84,,1,MARKET,SHORT,,,,,,,,,
,,,2025-01-30 04:11:34.265261,TSLA,400.39,,1,MARKET,SHORT,,,,,,,,,
,,,2025-01-30 04:12:40.183230,TSLA,399.65,,1,MARKET,SHORT,,,,,,,,,
,,,2025-01-30 04:13:12.733809,TSLA,399.36,,1,MARKET,SHORT,,,,,,,,,
,,,2025-01-30 04:14:30.030565,TSLA,400.01,,1,MARKET,SHORT,,,,,,,,,
,,,2025-01-30 04:18:08.521658,TSLA,400.13,,1,MARKET,SHORT,,,,,,,,,
,,,2025-01-30 04:18:32.808965,TSLA,398.64,,1,MARKET,SHORT,,,,,,,,,
,,,2025-01-30 04:18:40.818877,TSLA,399.45,,1,MARKET,SHORT,,,,,,,,,
,,,2025-01-30 04:18:51.585421,TSLA,398.26,,1,MARKET,SHORT,,,,,,,,,
,,,2025-01-30 04:19:13.365146,TSLA,400.15,,1,MARKET,SHORT,,,,,,,,,
,,,2025-01-30 04:19:23.377448,TSLA,400.21,,1,MARKET,SHORT,,,,,,,,,
,,,2025-01-30 04:21:12.755650,TSLA,399.97,,1,MARKET,SHORT,,,,,,,,,
,,,2025-01-30 04:21:16.003578,TSLA,399.96,,1,MARKET,SHORT,,,,,,,,,
,,,2025-01-30 04:21:23.515030,TSLA,399.88,,1,MARKET,SHORT,,,,,,,,,
,,,2025-01-30 04:21:29.774572,TSLA,399.09,,1,MARKET,SHORT,,,,,,,,,
,,,2025-01-30 04:21:37.036968,TSLA,399.21,,1,MARKET,SHORT,,,,,,,,,
,,,2025-01-30 04:22:22.351727,TSLA,399.50,,1,MARKET,SHORT,,,,,,,,,
,,,2025-01-30 04:23:37.369027,TSLA,399.58,,1,MARKET,SHORT,,,,,,,,,
,,,2025-01-30 04:25:03.992394,TSLA,398.76,,1,MARKET,SHORT,,,,,,,,,
,,,2025-01-30 04:25:55.851966,TSLA,398.80,,1,MARKET,SHORT,,,,,,,,,
,,,2025-01-30 04:28:06.227159,TSLA,395.52,,1,MARKET,SHORT,,,,,,,,,
,,,2025-01-30 04:30:22.191289,TSLA,396.50,,1,MARKET,SHORT,,,,,,,,,
,,,2025-01-30 04:30:27.949575,TSLA,396.51,,1,MARKET,SHORT,,,,,,,,,
,,,2025-01-30 04:30:55.239945,TSLA,397.00,,1,MARKET,SHORT,,,,,,,,,
,,,2025-01-30 04:31:37.086205,TSLA,396.75,,1,MARKET,SHORT,,,,,,,,,
,,,2025-01-30 23:23:15.044774,TSLA,398.97,,1,MARKET,LONG,,,,,,,,,
,,,2025-01-30 23:26:54.192031,TSLA,398.46,,1,MARKET,LONG,,,,,,,,,
,,,2025-01-30 23:33:11.338468,TSLA,398.72,,1,MARKET,LONG,,,,,,,,,
,,,2025-01-30 23:35:53.289682,TSLA,398.98,,1,MARKET,LONG,,,,,,,,,
,,,2025-01-30 23:44:59.754702,TSLA,400.94,,1,MARKET,LONG,,,,,,,,,
,,,2025-01-30 23:48:28.183677,TSLA,402.87,,1,MARKET,LONG,,,,,,,,,
,,,2025-01-30 23:56:13.007347,TSLA,405.29,,1,MARKET,LONG,,,,,,,,,
,,,2025-01-30 23:58:13.253883,TSLA,406.29,,1,MARKET,LONG,,,,,,,,,
,,,2025-01-30 23:58:59.851278,TSLA,406.50,,1,MARKET,LONG,,,,,,,,,
,,,2025-01-30 04:33:31.149073,TSLA,396.75,,1,MARKET,SHORT,,,,,,,,,
,,,2025-01-30 04:34:38.745285,TSLA,396.00,,1,MARKET,SHORT,,,,,,,,,
,,,2025-01-30 04:35:27.173834,TSLA,394.99,,1,MARKET,SHORT,,,,,,,,,
,,,2025-01-30 04:35:40.192249,TSLA,393.31,,1,MARKET,SHORT,,,,,,,,,
,,,2025-01-30 04:36:16.995928,TSLA,392.52,,1,MARKET,SHORT,,,,,,,,,
,,,2025-01-30 04:36:25.007298,TSLA,392.50,,1,MARKET,SHORT,,,,,,,,,
,,,2025-01-30 04:37:29.354782,TSLA,394.75,,1,MARKET,SHORT,,,,,,,,,
,,,2025-01-30 04:37:45.921238,TSLA,394.75,,1,MARKET,SHORT,,,,,,,,,
,,,2025-01-30 04:40:40.019636,TSLA,398.12,,1,MARKET,SHORT,,,,,,,,,
,,,2025-01-30 04:41:01.407023,TSLA,398.55,,1,MARKET,SHORT,,,,,,,,,
,,,2025-01-30 04:41:29.449540,TSLA,397.10,,1,MARKET,SHORT,,,,,,,,,
,,,2025-01-30 04:41:40.715895,TSLA,396.40,,1,MARKET,SHORT,,,,,,,,,
,,,2025-01-30 04:41:54.236384,TSLA,393.68,,1,MARKET,SHORT,,,,,,,,,
,,,2025-01-30 04:42:01.668864,TSLA,395.00,,1,MARKET,SHORT,,,,,,,,,
,,,2025-01-30 04:42:10.167156,TSLA,393.20,,1,MARKET,SHORT,,,,,,,,,
,,,2025-01-30 04:42:19.394446,TSLA,393.02,,1,MARKET,SHORT,,,,,,,,,
,,,2025-01-30 04:42:20.870562,TSLA,393.07,,1,MARKET,SHORT,,,,,,,,,
,,,2025-01-30 04:42:23.875376,TSLA,393.00,,1,MARKET,SHORT,,,,,,,,,
,,,2025-01-30 04:42:26.627865,TSLA,393.12,,1,MARKET,SHORT,,,,,,,,,
,,,2025-01-30 04:42:38.109999,TSLA,393.55,,1,MARKET,SHORT,,,,,,,,,
,,,2025-01-30 04:42:51.877996,TSLA,393.50,,1,MARKET,SHORT,,,,,,,,,
,,,2025-01-30 04:42:54.381455,TSLA,393.62,,1,MARKET,SHORT,,,,,,,,,
,,,2025-01-30 04:42:57.886163,TSLA,393.51,,1,MARKET,SHORT,,,,,,,,,
,,,2025-01-30 04:43:02.142001,TSLA,394.38,,1,MARKET,SHORT,,,,,,,,,
,,,2025-01-30 04:43:07.649738,TSLA,393.99,,1,MARKET,SHORT,,,,,,,,,
,,,2025-01-30 04:47:17.168640,TSLA,405.76,,1,MARKET,SHORT,,,,,,,,,
,,,2025-01-30 04:47:25.432318,TSLA,405.00,,1,MARKET,SHORT,,,,,,,,,
,,,2025-01-30 04:47:34.446618,TSLA,403.10,,1,MARKET,SHORT,,,,,,,,,
,,,2025-01-30 04:47:39.955378,TSLA,404.08,,1,MARKET,SHORT,,,,,,,,,
,,,2025-01-30 04:47:43.710902,TSLA,404.08,,1,MARKET,SHORT,,,,,,,,,
,,,2025-01-30 04:47:48.968116,TSLA,404.23,,1,MARKET,SHORT,,,,,,,,,
,,,2025-01-30 04:48:21.765203,TSLA,403.08,,1,MARKET,SHORT,,,,,,,,,
,,,2025-01-30 04:48:23.768223,TSLA,403.06,,1,MARKET,SHORT,,,,,,,,,
,,,2025-01-30 04:48:37.291072,TSLA,402.87,,1,MARKET,SHORT,,,,,,,,,
,,,2025-01-30 04:49:09.683074,TSLA,404.00,,1,MARKET,SHORT,,,,,,,,,
,,,2025-01-30 04:49:53.293340,TSLA,404.50,,1,MARKET,SHORT,,,,,,,,,
,,,2025-01-30 04:50:06.310381,TSLA,404.73,,1,MARKET,SHORT,,,,,,,,,
,,,2025-01-30 04:51:12.160679,TSLA,405.00,,1,MARKET,SHORT,,,,,,,,,
,,,2025-01-30 04:51:14.164197,TSLA,405.20,,1,MARKET,SHORT,,,,,,,,,
,,,2025-01-30 04:52:53.272691,TSLA,408.72,,1,MARKET,SHORT,,,,,,,,,
,,,2025-01-30 04:53:36.994976,TSLA,408.52,,1,MARKET,SHORT,,,,,,,,,
,,,2025-01-30 04:54:13.546820,TSLA,409.12,,1,MARKET,SHORT,,,,,,,,,
,,,2025-01-30 04:54:39.588980,TSLA,407.34,,1,MARKET,SHORT,,,,,,,,,
,,,2025-01-30 04:55:05.279644,TSLA,405.29,,1,MARKET,SHORT,,,,,,,,,
,,,2025-01-30 04:55:11.248161,TSLA,406.97,,1,MARKET,SHORT,,,,,,,,,
,,,2025-01-30 04:55:18.507859,TSLA,406.34,,1,MARKET,SHORT,,,,,,,,,
,,,2025-01-30 04:55:28.521109,TSLA,406.26,,1,MARKET,SHORT,,,,,,,,,
,,,2025-01-30 04:57:23.067446,TSLA,410.07,,1,MARKET,SHORT,,,,,,,,,
,,,2025-01-30 04:58:03.375496,TSLA,409.54,,1,MARKET,SHORT,,,,,,,,,
,,,2025-01-30 04:59:16.481609,TSLA,407.72,,1,MARKET,SHORT,,,,,,,,,
,,,2025-01-30 04:59:25.494155,TSLA,408.00,,1,MARKET,SHORT,,,,,,,,,
,,,2025-01-30 04:59:59.045532,TSLA,407.47,,1,MARKET,SHORT,,,,,,,,,
,,,2025-01-30 05:00:19.777032,TSLA,407.52,,1,MARKET,SHORT,,,,,,,,,
,,,2025-01-30 05:03:40.831723,TSLA,409.20,,1,MARKET,SHORT,,,,,,,,,
,,,2025-01-30 05:03:43.587284,TSLA,412.40,,1,MARKET,SHORT,,,,,,,,,
,,,2025-01-30 05:03:47.843030,TSLA,411.96,,1,MARKET,SHORT,,,,,,,,,
,,,2025-01-30 05:03:51.849709,TSLA,411.97,,1,MARKET,SHORT,,,,,,,,,
,,,2025-01-30 05:03:54.853596,TSLA,410.37,,1,MARKET,SHORT,,,,,,,,,
,,,2025-01-30 05:04:09.124045,TSLA,411.39,,1,MARKET,SHORT,,,,,,,,,
,,,2025-01-30 05:04:22.143428,TSLA,411.40,,1,MARKET,SHORT,,,,,,,,,
,,,2025-01-30 05:05:27.990158,TSLA,410.18,,1,MARKET,SHORT,,,,,,,,,
,,,2025-01-30 05:06:50.609022,TSLA,407.94,,1,MARKET,SHORT,,,,,,,,,
,,,2025-01-30 05:07:32.420429,TSLA,407.59,,1,MARKET,SHORT,,,,,,,,,
,,,2025-01-30 05:07:44.439001,TSLA,408.04,,1,MARKET,SHORT,,,,,,,,,
,,,2025-01-30 05:09:39.858490,TSLA,409.15,,1,MARKET,SHORT,,,,,,,,,
,,,2025-01-30 05:09:48.372465,TSLA,409.13,,1,MARKET,SHORT,,,,,,,,,
,,,2025-01-30 05:09:59.637343,TSLA,409.59,,1,MARKET,SHORT,,,,,,,,,
,,,2025-01-30 05:10:26.677931,TSLA,409.50,,1,MARKET,SHORT,,,,,,,,,
,,,2025-01-30 05:11:17.250831,TSLA,409.09,,1,MARKET,SHORT,,,,,,,,,
,,,2025-01-30 05:12:35.366358,TSLA,407.09,,1,MARKET,SHORT,,,,,,,,,
,,,2025-01-30 05:13:25.937924,TSLA,408.00,,1,MARKET,SHORT,,,,,,,,,
,,,2025-01-30 04:33:43.916436,TSLA,397.25,,1,MARKET,LONG,,,,,,,,,
,,,2025-01-30 04:36:26.509697,TSLA,395.00,,1,MARKET,LONG,,,,,,,,,
,,,2025-01-30 04:36:29.513916,TSLA,394.98,,1,MARKET,LONG,,,,,,,,,
,,,2025-01-30 04:36:34.020206,TSLA,394.99,,1,MARKET,LONG,,,,,,,,,
,,,2025-01-30 04:36:36.274547,TSLA,393.50,,1,MARKET,LONG,,,,,,,,,
,,,2025-01-30 04:36:46.538824,TSLA,396.29,,1,MARKET,LONG,,,,,,,,,
,,,2025-01-30 04:36:55.302184,TSLA,394.99,,1,MARKET,LONG,,,,,,,,,
,,,2025-01-30 04:37:12.831434,TSLA,396.00,,1,MARKET,LONG,,,,,,,,,
,,,2025-01-30 04:37:14.832835,TSLA,395.00,,1,MARKET,LONG,,,,,,,,,
,,,2025-01-30 04:37:25.350415,TSLA,395.00,,1,MARKET,LONG,,,,,,,,,
,,,2025-01-30 04:37:34.361467,TSLA,394.99,,1,MARKET,LONG,,,,,,,,,
,,,2025-01-30 04:37:51.387255,TSLA,396.00,,1,MARKET,LONG,,,,,,,,,
,,,2025-01-30 04:38:06.658281,TSLA,396.02,,1,MARKET,LONG,,,,,,,,,
,,,2025-01-30 04:38:18.677324,TSLA,397.00,,1,MARKET,LONG,,,,,,,,,
,,,2025-01-30 04:39:23.270538,TSLA,397.99,,1,MARKET,LONG,,,,,,,,,
,,,2025-01-30 04:40:44.381940,TSLA,398.96,,1,MARKET,LONG,,,,,,,,,
,,,2025-01-30 04:41:17.432755,TSLA,399.00,,1,MARKET,LONG,,,,,,,,,
,,,2025-01-30 04:42:49.624724,TSLA,394.95,,1,MARKET,LONG,,,,,,,,,
,,,2025-01-30 04:42:56.635375,TSLA,394.49,,1,MARKET,LONG,,,,,,,,,
,,,2025-01-30 04:43:05.938468,TSLA,394.80,,1,MARKET,LONG,,,,,,,,,
,,,2025-01-30 04:43:11.155118,TSLA,393.99,,1,MARKET,LONG,,,,,,,,,
,,,2025-01-30 04:43:18.440188,TSLA,394.00,,1,MARKET,LONG,,,,,,,,,
,,,2025-01-30 04:43:26.425258,TSLA,395.99,,1,MARKET,LONG,,,,,,,,,
,,,2025-01-30 04:43:35.435594,TSLA,395.00,,1,MARKET,LONG,,,,,,,,,
,,,2025-01-30 04:44:03.722421,TSLA,396.01,,1,MARKET,LONG,,,,,,,,,
,,,2025-01-30 04:44:31.872152,TSLA,396.28,,1,MARKET,LONG,,,,,,,,,
,,,2025-01-30 04:44:48.399688,TSLA,399.80,,1,MARKET,LONG,,,,,,,,,
,,,2025-01-30 04:45:01.669746,TSLA,400.01,,1,MARKET,LONG,,,,,,,,,
,,,2025-01-30 04:45:15.672507,TSLA,401.78,,1,MARKET,LONG,,,,,,,,,
,,,2025-01-30 04:46:14.548859,TSLA,405.00,,1,MARKET,LONG,,,,,,,,,
,,,2025-01-30 04:46:40.862737,TSLA,405.83,,1,MARKET,LONG,,,,,,,,,
,,,2025-01-30 04:48:22.266205,TSLA,404.06,,1,MARKET,LONG,,,,,,,,,
,,,2025-01-30 04:48:31.280106,TSLA,403.78,,1,MARKET,LONG,,,,,,,,,
,,,2025-01-30 04:48:41.298249,TSLA,403.96,,1,MARKET,LONG,,,,,,,,,
,,,2025-01-30 04:49:11.938029,TSLA,404.75,,1,MARKET,LONG,,,,,,,,,
,,,2025-01-30 04:49:24.454611,TSLA,404.75,,1,MARKET,LONG,,,,,,,,,
,,,2025-01-30 04:49:54.543530,TSLA,405.50,,1,MARKET,LONG,,,,,,,,,
,,,2025-01-30 04:49:56.049701,TSLA,405.49,,1,MARKET,LONG,,,,,,,,,
,,,2025-01-30 04:50:13.572222,TSLA,405.41,,1,MARKET,LONG,,,,,,,,,
,,,2025-01-30 04:50:53.883646,TSLA,409.00,,1,MARKET,LONG,,,,,,,,,
,,,2025-01-30 04:51:13.413227,TSLA,405.98,,1,MARKET,LONG,,,,,,,,,
,,,2025-01-30 04:51:24.430043,TSLA,406.98,,1,MARKET,LONG,,,,,,,,,
,,,2025-01-30 04:51:52.973920,TSLA,409.24,,1,MARKET,LONG,,,,,,,,,
,,,2025-01-30 04:52:10.248939,TSLA,409.46,,1,MARKET,LONG,,,,,,,,,
,,,2025-01-30 04:52:29.485403,TSLA,408.16,,1,MARKET,LONG,,,,,,,,,
,,,2025-01-30 04:52:33.243198,TSLA,408.97,,1,MARKET,LONG,,,,,,,,,
,,,2025-01-30 04:52:49.515300,TSLA,409.00,,1,MARKET,LONG,,,,,,,,,
,,,2025-01-30 04:53:49.510757,TSLA,411.00,,1,MARKET,LONG,,,,,,,,,
,,,2025-01-30 04:54:06.536923,TSLA,410.59,,1,MARKET,LONG,,,,,,,,,
,,,2025-01-30 04:55:24.014913,TSLA,406.77,,1,MARKET,LONG,,,,,,,,,
,,,2025-01-30 04:56:35.247459,TSLA,411.00,,1,MARKET,LONG,,,,,,,,,
,,,2025-01-30 04:57:22.067563,TSLA,410.53,,1,MARKET,LONG,,,,,,,,,
,,,2025-01-30 04:59:20.737859,TSLA,408.79,,1,MARKET,LONG,,,,,,,,,
,,,2025-01-30 04:59:48.780990,TSLA,408.50,,1,MARKET,LONG,,,,,,,,,
,,,2025-01-30 04:59:51.785268,TSLA,408.44,,1,MARKET,LONG,,,,,,,,,
,,,2025-01-30 05:00:03.301748,TSLA,407.50,,1,MARKET,LONG,,,,,,,,,
,,,2025-01-30 05:01:40.899962,TSLA,410.50,,1,MARKET,LONG,,,,,,,,,
,,,2025-01-30 05:02:04.433500,TSLA,409.91,,1,MARKET,LONG,,,,,,,,,
,,,2025-01-30 05:03:08.032149,TSLA,412.88,,1,MARKET,LONG,,,,,,,,,
,,,2025-01-30 05:04:43.173917,TSLA,411.25,,1,MARKET,LONG,,,,,,,,,
,,,2025-01-30 05:07:31.420119,TSLA,408.49,,1,MARKET,LONG,,,,,,,,,
,,,2025-01-30 05:09:45.368457,TSLA,409.90,,1,MARKET,LONG,,,,,,,,,
,,,2025-01-30 05:10:29.182733,TSLA,409.86,,1,MARKET,LONG,,,,,,,,,
,,,2025-01-30 05:13:19.181071,TSLA,408.50,,1,MARKET,LONG,,,,,,,,,
,,,2025-01-30 05:13:27.443187,TSLA,408.84,,1,MARKET,LONG,,,,,,,,,
,,,2025-01-30 05:13:31.205685,TSLA,408.21,,1,MARKET,LONG,,,,,,,,,
,,,2025-01-30 05:13:41.462071,TSLA,408.99,,1,MARKET,LONG,,,,,,,,,
,,,2025-01-30 05:13:56.483510,TSLA,409.22,,1,MARKET,LONG,,,,,,,,,
709.0,,,2025-01-30 01:44:27.558608,COIN,286.94,,1,MARKET,LONG,,,,,,,,,
711.0,,,2025-01-30 01:44:37.838303,COIN,286.94,,1,MARKET,LONG,,,,,,,,,
712.0,,,2025-01-30 01:44:53.855192,COIN,286.85,,1,MARKET,LONG,,,,,,,,,
713.0,,,2025-01-30 01:45:10.158934,COIN,287.07,,1,MARKET,LONG,,,,,,,,,
717.0,,,2025-01-30 01:45:30.183065,COIN,286.56,,1,MARKET,LONG,,,,,,,,,
,,,2025-01-30 04:33:51.176826,COIN,290.45,,1,MARKET,LONG,,,,,,,,,
,,,2025-01-30 04:35:37.689254,COIN,290.50,,1,MARKET,LONG,,,,,,,,,
,,,2025-01-30 04:40:43.630644,COIN,290.47,,1,MARKET,LONG,,,,,,,,,
,,,2025-01-30 04:40:57.405069,COIN,290.47,,1,MARKET,LONG,,,,,,,,,
,,,2025-01-30 04:53:41.251601,COIN,289.46,,1,MARKET,LONG,,,,,,,,,
,,,2025-01-30 05:10:39.446206,COIN,289.31,,1,MARKET,LONG,,,,,,,,,
,,,2025-01-30 05:13:10.415683,COIN,289.99,,1,MARKET,LONG,,,,,,,,,
,,,2025-01-30 04:33:54.681351,COIN,289.70,,1,MARKET,SHORT,,,,,,,,,
,,,2025-01-30 04:37:39.369482,COIN,289.30,,1,MARKET,SHORT,,,,,,,,,
,,,2025-01-30 04:40:28.002874,COIN,289.50,,1,MARKET,SHORT,,,,,,,,,
,,,2025-01-30 04:40:51.894236,COIN,289.20,,1,MARKET,SHORT,,,,,,,,,
,,,2025-01-30 04:45:38.441152,COIN,289.70,,1,MARKET,SHORT,,,,,,,,,
,,,2025-01-30 05:05:18.473339,COIN,289.55,,1,MARKET,SHORT,,,,,,,,,
,,,2025-01-30 05:14:47.306341,COIN,289.50,,1,MARKET,SHORT,,,,,,,,,
,,,2025-01-30 05:17:29.290568,COIN,289.36,,1,MARKET,SHORT,,,,,,,,,
,,,2025-01-30 05:17:44.313336,COIN,289.20,,1,MARKET,SHORT,,,,,,,,,
,,,2025-01-30 05:21:49.909319,COIN,289.20,,1,MARKET,SHORT,,,,,,,,,
,,,2025-01-30 05:22:05.181645,COIN,289.40,,1,MARKET,SHORT,,,,,,,,,
,,,2025-01-30 05:27:12.398627,COIN,289.89,,1,MARKET,SHORT,,,,,,,,,
,,,2025-01-30 05:28:08.634521,COIN,289.22,,1,MARKET,SHORT,,,,,,,,,
,,,2025-01-30 05:32:39.635002,COIN,289.34,,1,MARKET,SHORT,,,,,,,,,
,,,2025-01-30 05:37:49.391994,COIN,289.00,,1,MARKET,SHORT,,,,,,,,,
,,,2025-01-30 05:46:38.518888,COIN,289.00,,1,MARKET,SHORT,,,,,,,,,
,,,2025-01-30 06:04:25.525216,COIN,289.91,,1,MARKET,SHORT,,,,,,,,,
,,,2025-01-30 06:27:30.444290,COIN,289.50,,1,MARKET,SHORT,,,,,,,,,
,,,2025-01-30 06:41:31.702613,COIN,289.31,,1,MARKET,SHORT,,,,,,,,,
,,,2025-01-30 06:42:24.486373,COIN,289.30,,1,MARKET,SHORT,,,,,,,,,
,,,2025-01-30 05:14:48.808257,TSLA,409.10,,1,MARKET,SHORT,,,,,,,,,
,,,2025-01-30 05:15:52.648301,TSLA,408.60,,1,MARKET,SHORT,,,,,,,,,
,,,2025-01-30 05:19:35.223436,TSLA,408.02,,1,MARKET,SHORT,,,,,,,,,
,,,2025-01-30 05:23:31.555252,TSLA,408.10,,1,MARKET,SHORT,,,,,,,,,
,,,2025-01-30 05:24:39.359395,TSLA,407.37,,1,MARKET,SHORT,,,,,,,,,
,,,2025-01-30 05:24:57.226168,TSLA,407.30,,1,MARKET,SHORT,,,,,,,,,
,,,2025-01-30 05:25:06.650605,TSLA,407.27,,1,MARKET,SHORT,,,,,,,,,
,,,2025-01-30 05:25:10.906933,TSLA,407.26,,1,MARKET,SHORT,,,,,,,,,
,,,2025-01-30 05:25:35.944219,TSLA,406.07,,1,MARKET,SHORT,,,,,,,,,
,,,2025-01-30 05:25:47.211744,TSLA,406.00,,1,MARKET,SHORT,,,,,,,,,
,,,2025-01-30 05:25:54.971596,TSLA,406.00,,1,MARKET,SHORT,,,,,,,,,
,,,2025-01-30 05:27:12.648664,TSLA,405.56,,1,MARKET,SHORT,,,,,,,,,
,,,2025-01-30 05:28:08.134522,TSLA,405.77,,1,MARKET,SHORT,,,,,,,,,
,,,2025-01-30 05:32:42.636234,TSLA,403.61,,1,MARKET,SHORT,,,,,,,,,
,,,2025-01-30 05:34:52.384518,TSLA,404.50,,1,MARKET,SHORT,,,,,,,,,
,,,2025-01-30 05:38:11.924754,TSLA,407.00,,1,MARKET,SHORT,,,,,,,,,
,,,2025-01-30 05:38:27.196921,TSLA,407.00,,1,MARKET,SHORT,,,,,,,,,
,,,2025-01-30 05:45:12.654300,TSLA,406.05,,1,MARKET,SHORT,,,,,,,,,
,,,2025-01-30 05:56:55.392941,TSLA,404.30,,1,MARKET,SHORT,,,,,,,,,
,,,2025-01-30 06:02:19.847447,TSLA,404.75,,1,MARKET,SHORT,,,,,,,,,
,,,2025-01-30 06:04:13.255740,TSLA,405.15,,1,MARKET,SHORT,,,,,,,,,
,,,2025-01-30 06:05:07.835223,TSLA,405.52,,1,MARKET,SHORT,,,,,,,,,
,,,2025-01-30 06:08:50.646245,TSLA,406.24,,1,MARKET,SHORT,,,,,,,,,
,,,2025-01-30 06:17:55.676806,TSLA,406.00,,1,MARKET,SHORT,,,,,,,,,
,,,2025-01-30 06:22:30.297625,TSLA,405.70,,1,MARKET,SHORT,,,,,,,,,
,,,2025-01-30 06:33:56.345363,TSLA,406.27,,1,MARKET,SHORT,,,,,,,,,
,,,2025-01-30 06:37:11.850320,TSLA,406.51,,1,MARKET,SHORT,,,,,,,,,
,,,2025-01-30 05:17:30.042009,TSLA,407.89,,1,MARKET,LONG,,,,,,,,,
,,,2025-01-30 05:23:38.315402,TSLA,408.48,,1,MARKET,LONG,,,,,,,,,
,,,2025-01-30 05:26:31.276109,TSLA,406.28,,1,MARKET,LONG,,,,,,,,,
,,,2025-01-30 05:27:33.875163,TSLA,405.76,,1,MARKET,LONG,,,,,,,,,
,,,2025-01-30 05:33:20.155812,TSLA,404.00,,1,MARKET,LONG,,,,,,,,,
,,,2025-01-30 05:34:29.105188,TSLA,404.69,,1,MARKET,LONG,,,,,,,,,
,,,2025-01-30 05:38:23.692596,TSLA,407.13,,1,MARKET,LONG,,,,,,,,,
,,,2025-01-30 05:40:38.322378,TSLA,407.20,,1,MARKET,LONG,,,,,,,,,
,,,2025-01-30 05:43:22.247472,TSLA,405.80,,1,MARKET,LONG,,,,,,,,,
,,,2025-01-30 05:50:45.866694,TSLA,405.50,,1,MARKET,LONG,,,,,,,,,
,,,2025-01-30 05:57:26.187655,TSLA,404.00,,1,MARKET,LONG,,,,,,,,,
,,,2025-01-30 05:59:26.404510,TSLA,403.30,,1,MARKET,LONG,,,,,,,,,
,,,2025-01-30 06:13:10.035510,TSLA,405.60,,1,MARKET,LONG,,,,,,,,,
,,,2025-01-30 06:19:12.530572,TSLA,405.69,,1,MARKET,LONG,,,,,,,,,
,,,2025-01-30 06:27:11.167099,TSLA,405.95,,1,MARKET,LONG,,,,,,,,,
,,,2025-01-30 06:40:17.853492,TSLA,406.31,,1,MARKET,LONG,,,,,,,,,
,,,2025-01-30 06:47:36.446875,TSLA,405.35,,1,MARKET,LONG,,,,,,,,,
,,,2025-01-30 05:17:39.054906,COIN,290.32,,1,MARKET,LONG,,,,,,,,,
,,,2025-01-30 05:19:02.927334,COIN,290.00,,1,MARKET,LONG,,,,,,,,,
,,,2025-01-30 05:21:01.595363,COIN,290.30,,1,MARKET,LONG,,,,,,,,,
,,,2025-01-30 05:22:44.240311,COIN,289.45,,1,MARKET,LONG,,,,,,,,,
,,,2025-01-30 05:27:56.869355,COIN,290.00,,1,MARKET,LONG,,,,,,,,,
,,,2025-01-30 05:30:24.330598,COIN,290.40,,1,MARKET,LONG,,,,,,,,,
,,,2025-01-30 05:30:54.623385,COIN,289.50,,1,MARKET,LONG,,,,,,,,,
,,,2025-01-30 05:36:07.494430,COIN,290.00,,1,MARKET,LONG,,,,,,,,,
,,,2025-01-30 05:38:00.160314,COIN,289.99,,1,MARKET,LONG,,,,,,,,,
,,,2025-01-30 05:46:39.519831,COIN,289.04,,1,MARKET,LONG,,,,,,,,,
,,,2025-01-30 06:27:29.191697,COIN,289.95,,1,MARKET,LONG,,,,,,,,,
,,,2025-01-30 06:35:40.231345,COIN,289.75,,1,MARKET,LONG,,,,,,,,,
,,,2025-01-30 06:41:52.947165,COIN,289.99,,1,MARKET,LONG,,,,,,,,,
,,,2025-01-30 06:47:17.170940,COIN,289.79,,1,MARKET,LONG,,,,,,,,,
635.0,,,2025-01-30 01:03:34.165179,COIN,280.83,,1,MARKET,SHORT,,,,,,,,,
,,,2025-01-30 07:07:33.557900,COIN,290.27,,1,MARKET,SHORT,,,,,,,,,
,,,2025-01-30 07:07:49.827403,COIN,290.14,,1,MARKET,SHORT,,,,,,,,,
,,,2025-01-30 07:08:23.373091,COIN,290.17,,1,MARKET,SHORT,,,,,,,,,
,,,2025-01-30 07:09:12.188776,COIN,290.27,,1,MARKET,SHORT,,,,,,,,,
,,,2025-01-30 07:09:25.204966,COIN,290.18,,1,MARKET,SHORT,,,,,,,,,
,,,2025-01-30 07:09:55.497078,COIN,290.14,,1,MARKET,SHORT,,,,,,,,,
,,,2025-01-30 07:10:20.780556,COIN,290.73,,1,MARKET,SHORT,,,,,,,,,
,,,2025-01-30 07:10:51.571555,COIN,290.13,,1,MARKET,SHORT,,,,,,,,,
,,,2025-01-30 07:11:12.101567,COIN,290.72,,1,MARKET,SHORT,,,,,,,,,
,,,2025-01-30 07:12:47.023236,COIN,290.14,,1,MARKET,SHORT,,,,,,,,,
,,,2025-01-30 07:13:57.111634,COIN,290.14,,1,MARKET,SHORT,,,,,,,,,
,,,2025-01-30 07:14:12.597525,COIN,290.18,,1,MARKET,SHORT,,,,,,,,,
,,,2025-01-30 07:14:57.992943,COIN,290.36,,1,MARKET,SHORT,,,,,,,,,
,,,2025-01-30 07:17:57.646948,COIN,290.48,,1,MARKET,SHORT,,,,,,,,,
,,,2025-01-30 07:07:35.560014,COIN,290.91,,1,MARKET,LONG,,,,,,,,,
,,,2025-01-30 07:08:15.361905,COIN,290.82,,1,MARKET,LONG,,,,,,,,,
,,,2025-01-30 07:08:43.900267,COIN,290.87,,1,MARKET,LONG,,,,,,,,,
,,,2025-01-30 07:09:14.191077,COIN,290.93,,1,MARKET,LONG,,,,,,,,,
,,,2025-01-30 07:09:20.698671,COIN,290.88,,1,MARKET,LONG,,,,,,,,,
,,,2025-01-30 07:10:26.035686,COIN,290.68,,1,MARKET,LONG,,,,,,,,,
,,,2025-01-30 07:10:42.057615,COIN,290.69,,1,MARKET,LONG,,,,,,,,,
,,,2025-01-30 07:10:53.573492,COIN,290.77,,1,MARKET,LONG,,,,,,,,,
,,,2025-01-30 07:12:41.470629,COIN,290.77,,1,MARKET,LONG,,,,,,,,,
,,,2025-01-30 07:13:28.280819,COIN,290.67,,1,MARKET,LONG,,,,,,,,,
,,,2025-01-30 07:16:47.301432,COIN,290.41,,1,MARKET,LONG,,,,,,,,,
636.0,,,2025-01-30 01:05:50.965481,COIN,280.25,,1,MARKET,SHORT,,,,,,,,,
,,,2025-01-30 07:08:13.109656,TSLA,405.40,,1,MARKET,LONG,,,,,,,,,
,,,2025-01-30 07:12:46.733541,TSLA,404.50,,1,MARKET,LONG,,,,,,,,,
637.0,,,2025-01-30 01:06:32.500608,COIN,280.40,,1,MARKET,SHORT,,,,,,,,,
638.0,,,2025-01-30 01:06:48.386576,COIN,280.51,,1,MARKET,SHORT,,,,,,,,,
639.0,,,2025-01-30 01:07:08.432722,COIN,280.58,,1,MARKET,SHORT,,,,,,,,,
640.0,,,2025-01-30 01:08:56.139290,TSLA,387.01,,1,MARKET,SHORT,,,,,,,,,
641.0,,,2025-01-30 01:08:56.628285,COIN,280.75,,1,MARKET,SHORT,,,,,,,,,
626.0,,,2025-01-30 00:57:14.481728,TSLA,389.64,,1,MARKET,LONG,,,,,,,,,
627.0,,,2025-01-30 00:57:30.763987,COIN,282.29,,1,MARKET,SHORT,,,,,,,,,
628.0,,,2025-01-30 00:58:05.574180,COIN,282.61,,1,MARKET,SHORT,,,,,,,,,
629.0,,,2025-01-30 01:00:05.852918,COIN,281.87,,1,MARKET,SHORT,,,,,,,,,
630.0,,,2025-01-30 01:00:13.939199,COIN,282.13,,1,MARKET,SHORT,,,,,,,,,
631.0,,,2025-01-30 01:01:23.675249,COIN,280.48,,1,MARKET,SHORT,,,,,,,,,
632.0,,,2025-01-30 01:01:31.447540,COIN,281.05,,1,MARKET,SHORT,,,,,,,,,
633.0,,,2025-01-30 01:02:13.805158,COIN,281.13,,1,MARKET,SHORT,,,,,,,,,
634.0,,,2025-01-30 01:03:24.143732,COIN,280.53,,1,MARKET,SHORT,,,,,,,,,
642.0,,,2025-01-30 01:10:14.179135,TSLA,386.86,,1,MARKET,SHORT,,,,,,,,,
643.0,,,2025-01-30 01:12:24.577006,TSLA,386.17,,1,MARKET,SHORT,,,,,,,,,
644.0,,,2025-01-30 01:12:30.586146,COIN,277.92,,1,MARKET,SHORT,,,,,,,,,
645.0,,,2025-01-30 01:12:58.013703,COIN,277.64,,1,MARKET,SHORT,,,,,,,,,
646.0,,,2025-01-30 01:13:14.081219,COIN,278.08,,1,MARKET,SHORT,,,,,,,,,
647.0,,,2025-01-30 01:15:03.589962,COIN,279.07,,1,MARKET,SHORT,,,,,,,,,
648.0,,,2025-01-30 01:15:28.636380,TSLA,387.04,,1,MARKET,SHORT,,,,,,,,,
649.0,,,2025-01-30 01:18:16.394046,TSLA,386.00,,1,MARKET,LONG,,,,,,,,,
650.0,,,2025-01-30 01:18:39.437960,COIN,277.26,,1,MARKET,LONG,,,,,,,,,
651.0,,,2025-01-30 01:20:32.295645,COIN,278.72,,1,MARKET,LONG,,,,,,,,,
652.0,,,2025-01-30 01:20:55.583005,TSLA,386.14,,1,MARKET,SHORT,,,,,,,,,
653.0,,,2025-01-30 01:21:43.662380,COIN,279.06,,1,MARKET,LONG,,,,,,,,,
654.0,,,2025-01-30 01:22:19.461816,COIN,278.93,,1,MARKET,SHORT,,,,,,,,,
655.0,,,2025-01-30 01:23:29.827396,COIN,278.66,,1,MARKET,SHORT,,,,,,,,,
656.0,,,2025-01-30 01:23:34.346851,COIN,279.09,,1,MARKET,LONG,,,,,,,,,
657.0,,,2025-01-30 01:24:14.460350,TSLA,386.72,,1,MARKET,SHORT,,,,,,,,,
658.0,,,2025-01-30 01:26:30.526392,COIN,278.37,,1,MARKET,LONG,,,,,,,,,
659.0,,,2025-01-30 01:26:36.026264,COIN,277.87,,1,MARKET,SHORT,,,,,,,,,
660.0,,,2025-01-30 01:27:03.582652,COIN,278.29,,1,MARKET,LONG,,,,,,,,,
661.0,,,2025-01-30 01:27:21.360015,COIN,277.97,,1,MARKET,SHORT,,,,,,,,,
662.0,,,2025-01-30 01:27:26.619020,TSLA,385.82,,1,MARKET,LONG,,,,,,,,,
665.0,,,2025-01-30 01:29:23.976596,TSLA,385.35,,1,MARKET,LONG,,,,,,,,,
674.0,,,2025-01-30 01:34:46.801650,TSLA,386.46,,1,MARKET,LONG,,,,,,,,,
682.0,,,2025-01-30 01:37:15.609411,TSLA,385.02,,1,MARKET,LONG,,,,,,,,,
685.0,,,2025-01-30 01:38:35.560807,TSLA,387.39,,1,MARKET,LONG,,,,,,,,,
693.0,,,2025-01-30 01:39:44.506094,TSLA,387.43,,1,MARKET,LONG,,,,,,,,,
704.0,,,2025-01-30 01:43:56.012192,TSLA,389.66,,1,MARKET,LONG,,,,,,,,,
710.0,,,2025-01-30 01:44:34.104583,TSLA,389.37,,1,MARKET,LONG,,,,,,,,,
716.0,,,2025-01-30 01:45:25.928284,TSLA,389.80,,1,MARKET,LONG,,,,,,,,,
663.0,,,2025-01-30 01:28:37.734130,COIN,278.05,,1,MARKET,LONG,,,,,,,,,
666.0,,,2025-01-30 01:29:23.977595,COIN,277.89,,1,MARKET,LONG,,,,,,,,,
667.0,,,2025-01-30 01:30:23.062207,COIN,277.86,,1,MARKET,LONG,,,,,,,,,
669.0,,,2025-01-30 01:30:54.907315,COIN,278.03,,1,MARKET,LONG,,,,,,,,,
671.0,,,2025-01-30 01:33:43.225657,COIN,280.43,,1,MARKET,LONG,,,,,,,,,
673.0,,,2025-01-30 01:33:53.492877,COIN,280.07,,1,MARKET,LONG,,,,,,,,,
675.0,,,2025-01-30 01:34:46.802659,COIN,279.81,,1,MARKET,LONG,,,,,,,,,
676.0,,,2025-01-30 01:35:14.592087,COIN,279.93,,1,MARKET,LONG,,,,,,,,,
678.0,,,2025-01-30 01:35:32.631059,COIN,280.07,,1,MARKET,LONG,,,,,,,,,
680.0,,,2025-01-30 01:36:57.325460,COIN,279.37,,1,MARKET,LONG,,,,,,,,,
683.0,,,2025-01-30 01:37:15.609411,COIN,279.07,,1,MARKET,LONG,,,,,,,,,
684.0,,,2025-01-30 01:38:18.780249,COIN,281.05,,1,MARKET,LONG,,,,,,,,,
686.0,,,2025-01-30 01:38:39.819603,COIN,281.27,,1,MARKET,LONG,,,,,,,,,
689.0,,,2025-01-30 01:39:06.873665,COIN,281.45,,1,MARKET,LONG,,,,,,,,,
692.0,,,2025-01-30 01:39:41.500915,COIN,281.74,,1,MARKET,LONG,,,,,,,,,
694.0,,,2025-01-30 01:41:40.030901,COIN,285.68,,1,MARKET,LONG,,,,,,,,,
695.0,,,2025-01-30 01:42:00.323973,COIN,285.77,,1,MARKET,LONG,,,,,,,,,
696.0,,,2025-01-30 01:42:12.128538,COIN,285.67,,1,MARKET,LONG,,,,,,,,,
698.0,,,2025-01-30 01:42:30.655614,COIN,286.79,,1,MARKET,LONG,,,,,,,,,
699.0,,,2025-01-30 01:42:52.705721,COIN,286.51,,1,MARKET,LONG,,,,,,,,,
701.0,,,2025-01-30 01:43:38.227617,COIN,286.58,,1,MARKET,LONG,,,,,,,,,
705.0,,,2025-01-30 01:44:01.518323,COIN,286.35,,1,MARKET,LONG,,,,,,,,,
720.0,,,2025-01-30 01:47:08.791423,COIN,288.13,,1,MARKET,LONG,,,,,,,,,
722.0,,,2025-01-30 01:47:45.110620,COIN,287.92,,1,MARKET,LONG,,,,,,,,,
725.0,,,2025-01-30 01:48:33.904821,COIN,287.99,,1,MARKET,LONG,,,,,,,,,
727.0,,,2025-01-30 01:48:39.403756,COIN,287.75,,1,MARKET,LONG,,,,,,,,,
728.0,,,2025-01-30 01:48:45.668889,COIN,287.59,,1,MARKET,LONG,,,,,,,,,
664.0,,,2025-01-30 01:29:12.578391,COIN,277.51,,1,MARKET,SHORT,,,,,,,,,
668.0,,,2025-01-30 01:30:46.351512,COIN,277.82,,1,MARKET,SHORT,,,,,,,,,
672.0,,,2025-01-30 01:33:48.487295,COIN,279.60,,1,MARKET,SHORT,,,,,,,,,
679.0,,,2025-01-30 01:35:36.603585,COIN,279.51,,1,MARKET,SHORT,,,,,,,,,
681.0,,,2025-01-30 01:37:01.836239,COIN,279.10,,1,MARKET,SHORT,,,,,,,,,
687.0,,,2025-01-30 01:39:02.113015,COIN,280.86,,1,MARKET,SHORT,,,,,,,,,
691.0,,,2025-01-30 01:39:37.993382,COIN,281.29,,1,MARKET,SHORT,,,,,,,,,
700.0,,,2025-01-30 01:43:20.403676,COIN,286.65,,1,MARKET,SHORT,,,,,,,,,
702.0,,,2025-01-30 01:43:39.464758,COIN,285.94,,1,MARKET,SHORT,,,,,,,,,
703.0,,,2025-01-30 01:43:55.754583,COIN,285.71,,1,MARKET,SHORT,,,,,,,,,
707.0,,,2025-01-30 01:44:18.060987,COIN,286.30,,1,MARKET,SHORT,,,,,,,,,
708.0,,,2025-01-30 01:44:25.822576,COIN,286.57,,1,MARKET,SHORT,,,,,,,,,
714.0,,,2025-01-30 01:45:10.399944,COIN,286.56,,1,MARKET,SHORT,,,,,,,,,
719.0,,,2025-01-30 01:45:59.744267,COIN,287.15,,1,MARKET,SHORT,,,,,,,,,
721.0,,,2025-01-30 01:47:29.831774,COIN,287.76,,1,MARKET,SHORT,,,,,,,,,
723.0,,,2025-01-30 01:48:18.372140,COIN,287.80,,1,MARKET,SHORT,,,,,,,,,
726.0,,,2025-01-30 01:48:37.651852,COIN,287.25,,1,MARKET,SHORT,,,,,,,,,
729.0,,,2025-01-30 01:48:47.670347,COIN,287.32,,1,MARKET,SHORT,,,,,,,,,
670.0,,,2025-01-30 01:33:00.920378,TSLA,386.93,,1,MARKET,SHORT,,,,,,,,,
677.0,,,2025-01-30 01:35:15.600773,TSLA,386.26,,1,MARKET,SHORT,,,,,,,,,
688.0,,,2025-01-30 01:39:02.362046,TSLA,387.00,,1,MARKET,SHORT,,,,,,,,,
690.0,,,2025-01-30 01:39:35.488304,TSLA,387.20,,1,MARKET,SHORT,,,,,,,,,
697.0,,,2025-01-30 01:42:30.156201,TSLA,390.29,,1,MARKET,SHORT,,,,,,,,,
706.0,,,2025-01-30 01:44:13.051686,TSLA,389.50,,1,MARKET,SHORT,,,,,,,,,
715.0,,,2025-01-30 01:45:10.654975,TSLA,389.60,,1,MARKET,SHORT,,,,,,,,,
718.0,,,2025-01-30 01:45:57.239717,TSLA,390.02,,1,MARKET,SHORT,,,,,,,,,
724.0,,,2025-01-30 01:48:24.385314,TSLA,391.13,,1,MARKET,SHORT,,,,,,,,,
730.0,,,2025-01-30 01:49:58.363797,COIN,285.99,,1,MARKET,SHORT,,,,,,,,,
731.0,,,2025-01-30 01:50:01.619526,TSLA,391.03,,1,MARKET,LONG,,,,,,,,,
732.0,,,2025-01-30 01:50:08.632777,COIN,286.16,,1,MARKET,SHORT,,,,,,,,,
733.0,,,2025-01-30 01:50:10.885798,TSLA,390.91,,1,MARKET,SHORT,,,,,,,,,
734.0,,,2025-01-30 01:50:34.426787,COIN,285.95,,1,MARKET,LONG,,,,,,,,,
735.0,,,2025-01-30 01:50:38.118277,TSLA,390.35,,1,MARKET,LONG,,,,,,,,,
736.0,,,2025-01-30 01:51:04.414318,COIN,285.92,,1,MARKET,SHORT,,,,,,,,,
737.0,,,2025-01-30 01:51:13.679654,TSLA,390.58,,1,MARKET,SHORT,,,,,,,,,
738.0,,,2025-01-30 01:51:21.193555,COIN,286.05,,1,MARKET,SHORT,,,,,,,,,
739.0,,,2025-01-30 01:51:57.986347,COIN,286.17,,1,MARKET,SHORT,,,,,,,,,
740.0,,,2025-01-30 01:53:26.968118,COIN,287.32,,1,MARKET,SHORT,,,,,,,,,
741.0,,,2025-01-30 01:53:41.087598,COIN,287.41,,1,MARKET,SHORT,,,,,,,,,
742.0,,,2025-01-30 01:53:45.094773,TSLA,391.23,,1,MARKET,SHORT,,,,,,,,,
743.0,,,2025-01-30 01:54:35.029183,COIN,287.33,,1,MARKET,LONG,,,,,,,,,
744.0,,,2025-01-30 01:54:35.241330,COIN,287.02,,1,MARKET,SHORT,,,,,,,,,
745.0,,,2025-01-30 01:55:19.530025,COIN,286.86,,1,MARKET,SHORT,,,,,,,,,
746.0,,,2025-01-30 01:56:32.271677,COIN,286.26,,1,MARKET,LONG,,,,,,,,,
747.0,,,2025-01-30 01:56:33.774937,COIN,285.85,,1,MARKET,SHORT,,,,,,,,,
748.0,,,2025-01-30 01:57:00.964123,COIN,286.00,,1,MARKET,LONG,,,,,,,,,
749.0,,,2025-01-30 01:57:11.690986,TSLA,389.26,,1,MARKET,LONG,,,,,,,,,
750.0,,,2025-01-30 01:57:18.336377,COIN,285.95,,1,MARKET,SHORT,,,,,,,,,
751.0,,,2025-01-30 01:57:22.098171,COIN,286.21,,1,MARKET,LONG,,,,,,,,,
752.0,,,2025-01-30 01:57:26.602852,TSLA,389.13,,1,MARKET,SHORT,,,,,,,,,
753.0,,,2025-01-30 01:58:17.925817,COIN,287.27,,1,MARKET,LONG,,,,,,,,,
754.0,,,2025-01-30 01:58:35.138294,COIN,286.57,,1,MARKET,SHORT,,,,,,,,,
755.0,,,2025-01-30 01:58:54.035614,TSLA,390.04,,1,MARKET,SHORT,,,,,,,,,
756.0,,,2025-01-30 02:00:35.262948,COIN,286.15,,1,MARKET,LONG,,,,,,,,,
757.0,,,2025-01-30 02:00:38.982173,COIN,285.83,,1,MARKET,SHORT,,,,,,,,,
758.0,,,2025-01-30 02:00:48.282313,TSLA,389.85,,1,MARKET,SHORT,,,,,,,,,
759.0,,,2025-01-30 02:01:47.509461,COIN,285.25,,1,MARKET,SHORT,,,,,,,,,
760.0,,,2025-01-30 02:01:50.765056,TSLA,389.74,,1,MARKET,LONG,,,,,,,,,
761.0,,,2025-01-30 02:01:51.016134,COIN,285.72,,1,MARKET,LONG,,,,,,,,,
762.0,,,2025-01-30 02:02:32.502175,COIN,285.17,,1,MARKET,SHORT,,,,,,,,,
763.0,,,2025-01-30 02:03:29.352210,COIN,285.16,,1,MARKET,LONG,,,,,,,,,
764.0,,,2025-01-30 02:03:56.268684,COIN,284.69,,1,MARKET,SHORT,,,,,,,,,
765.0,,,2025-01-30 02:04:09.821987,COIN,284.78,,1,MARKET,SHORT,,,,,,,,,
766.0,,,2025-01-30 02:05:02.423781,TSLA,387.35,,1,MARKET,LONG,,,,,,,,,
767.0,,,2025-01-30 02:05:05.179076,COIN,284.58,,1,MARKET,LONG,,,,,,,,,
768.0,,,2025-01-30 02:05:21.961153,COIN,284.20,,1,MARKET,SHORT,,,,,,,,,
769.0,,,2025-01-30 02:05:26.973974,COIN,284.68,,1,MARKET,LONG,,,,,,,,,
770.0,,,2025-01-30 02:05:35.992303,TSLA,387.42,,1,MARKET,LONG,,,,,,,,,
771.0,,,2025-01-30 02:06:05.304999,TSLA,387.24,,1,MARKET,SHORT,,,,,,,,,
772.0,,,2025-01-30 02:06:20.584519,TSLA,387.34,,1,MARKET,LONG,,,,,,,,,
773.0,,,2025-01-30 02:06:25.824831,COIN,285.26,,1,MARKET,LONG,,,,,,,,,
774.0,,,2025-01-30 02:06:49.116563,COIN,285.31,,1,MARKET,SHORT,,,,,,,,,
775.0,,,2025-01-30 02:07:10.295482,COIN,285.47,,1,MARKET,SHORT,,,,,,,,,
776.0,,,2025-01-30 02:07:44.310010,COIN,285.39,,1,MARKET,SHORT,,,,,,,,,
777.0,,,2025-01-30 02:08:00.090655,COIN,285.39,,1,MARKET,LONG,,,,,,,,,
778.0,,,2025-01-30 02:08:19.665731,TSLA,387.31,,1,MARKET,LONG,,,,,,,,,
779.0,,,2025-01-30 02:08:37.859650,TSLA,387.23,,1,MARKET,SHORT,,,,,,,,,
780.0,,,2025-01-30 02:08:57.694473,TSLA,387.29,,1,MARKET,LONG,,,,,,,,,
781.0,,,2025-01-30 02:09:02.705465,COIN,286.36,,1,MARKET,LONG,,,,,,,,,
782.0,,,2025-01-30 02:09:16.983363,COIN,285.97,,1,MARKET,SHORT,,,,,,,,,
783.0,,,2025-01-30 02:09:43.783346,COIN,286.21,,1,MARKET,SHORT,,,,,,,,,
784.0,,,2025-01-30 02:11:09.704596,TSLA,388.03,,1,MARKET,SHORT,,,,,,,,,
